file,class,type,cbo,cboModified,fanin,fanout,wmc,dit,noc,rfc,lcom,lcom*,tcc,lcc,totalMethodsQty,staticMethodsQty,publicMethodsQty,privateMethodsQty,protectedMethodsQty,defaultMethodsQty,visibleMethodsQty,abstractMethodsQty,finalMethodsQty,synchronizedMethodsQty,totalFieldsQty,staticFieldsQty,publicFieldsQty,privateFieldsQty,protectedFieldsQty,defaultFieldsQty,finalFieldsQty,synchronizedFieldsQty,nosi,loc,returnQty,loopQty,comparisonsQty,tryCatchQty,parenthesizedExpsQty,stringLiteralsQty,numbersQty,assignmentsQty,mathOperationsQty,variablesQty,maxNestedBlocksQty,anonymousClassesQty,innerClassesQty,lambdasQty,uniqueWordsQty,modifiers,logStatementsQty
C:\Users\jotaa\OneDrive\햞ea de Trabalho\repositorios\logging-log4j2\log4j-1.2-api\src\main\java\org\apache\log4j\bridge\LogEventAdapter.java,org.apache.log4j.bridge.LogEventAdapter,class,8,20,12,8,24,2,0,25,0,0.55,0.79532164,0.79532164,20,2,19,1,0,0,19,0,0,0,2,1,0,2,0,0,2,0,4,83,22,0,3,1,0,6,0,7,1,7,1,0,0,0,117,1,1
C:\Users\jotaa\OneDrive\햞ea de Trabalho\repositorios\logging-log4j2\log4j-1.2-api\src\main\java\org\apache\log4j\builders\appender\SyslogAppenderBuilder.java,org.apache.log4j.builders.appender.SyslogAppenderBuilder,class,18,19,1,18,18,2,0,52,9,0.6851852,0.16666667,0.16666667,6,0,4,2,0,0,4,0,0,0,9,9,0,9,0,0,8,0,5,97,3,0,3,0,0,11,6,32,1,33,3,0,0,1,76,1,1
C:\Users\jotaa\OneDrive\햞ea de Trabalho\repositorios\logging-log4j2\log4j-1.2-api\src\test\java\org\apache\log4j\CustomConsoleAppender.java,org.apache.log4j.CustomConsoleAppender,class,6,6,0,6,17,4,0,0,15,0.0,0.0,0.0,6,0,6,0,0,0,6,0,0,0,0,0,0,0,0,0,0,0,0,50,0,0,0,0,0,6,0,11,0,11,1,0,0,0,43,1,0
C:\Users\jotaa\OneDrive\햞ea de Trabalho\repositorios\logging-log4j2\log4j-1.2-api\src\main\java\org\apache\log4j\xml\XmlConfiguration.java,org.apache.log4j.xml.XmlConfiguration,class,35,63,28,35,125,6,0,114,85,0.92641103,0.23809524,0.35238096,31,1,15,16,0,0,15,0,0,0,32,30,7,23,2,0,32,0,31,586,26,2,19,11,2,91,4,128,13,123,4,1,3,9,267,1,39
C:\Users\jotaa\OneDrive\햞ea de Trabalho\repositorios\logging-log4j2\log4j-1.2-api\src\main\java\org\apache\log4j\helpers\PatternConverter.java,org.apache.log4j.helpers.PatternConverter,class,3,12,9,3,14,1,12,5,6,0.68,0.1,0.1,5,0,2,0,3,0,5,1,0,0,5,1,1,0,0,4,0,0,0,47,1,2,2,0,2,6,10,12,4,9,3,0,0,0,79,1025,0
C:\Users\jotaa\OneDrive\햞ea de Trabalho\repositorios\logging-log4j2\log4j-1.2-api\src\main\java\org\apache\log4j\varia\FallbackErrorHandler.java,org.apache.log4j.varia.FallbackErrorHandler,class,7,8,1,7,12,1,0,12,22,0.75,0.10714286,0.21428572,8,0,8,0,0,0,8,0,0,0,3,0,0,0,0,3,0,0,9,46,0,1,2,0,0,17,1,5,7,5,2,0,0,0,84,1,8
C:\Users\jotaa\OneDrive\햞ea de Trabalho\repositorios\logging-log4j2\log4j-1.2-api\src\main\java\org\apache\log4j\builders\appender\EnhancedRollingFileAppenderBuilder.java,org.apache.log4j.builders.appender.EnhancedRollingFileAppenderBuilder,class,17,18,1,17,32,2,0,57,11,0.7121212,0.16666667,0.16666667,6,0,4,2,0,0,4,0,0,0,11,11,0,11,0,0,11,0,7,154,7,0,5,0,0,21,4,47,5,48,3,0,0,2,89,1,5
C:\Users\jotaa\OneDrive\햞ea de Trabalho\repositorios\logging-log4j2\log4j-1.2-api\src\main\java\org\apache\log4j\AppenderSkeleton.java,org.apache.log4j.AppenderSkeleton,class,9,21,12,9,22,1,8,3,147,0.887218,0.07017544,0.07017544,19,0,17,0,2,0,19,1,2,2,7,0,0,0,7,0,0,0,0,82,7,0,3,0,2,0,0,11,0,7,1,0,1,0,55,1025,0
C:\Users\jotaa\OneDrive\햞ea de Trabalho\repositorios\logging-log4j2\log4j-1.2-api\src\test\java\org\apache\log4j\helpers\DateLayoutTest.java,org.apache.log4j.helpers.DateLayoutTest,class,7,8,1,7,23,5,0,17,253,0.0,0.0,0.0,23,0,21,0,2,0,23,0,0,0,0,0,0,0,0,0,0,0,8,119,1,0,0,0,1,25,13,23,0,23,0,0,1,0,66,1,0
C:\Users\jotaa\OneDrive\햞ea de Trabalho\repositorios\logging-log4j2\log4j-1.2-api\src\main\java\org\apache\log4j\builders\appender\FileAppenderBuilder.java,org.apache.log4j.builders.appender.FileAppenderBuilder,class,15,16,1,15,16,2,0,39,10,0.8,0.0,0.0,5,0,4,1,0,0,4,0,0,0,1,1,0,1,0,0,1,0,4,76,4,0,1,0,0,3,1,21,0,21,3,0,0,1,68,1,1
C:\Users\jotaa\OneDrive\햞ea de Trabalho\repositorios\logging-log4j2\log4j-1.2-api\src\main\java\org\apache\log4j\builders\rolling\TriggeringPolicyBuilder.java,org.apache.log4j.builders.rolling.TriggeringPolicyBuilder,interface,2,5,3,2,0,1,0,0,0,0.0,-1.0,-1.0,0,0,0,0,0,0,0,0,0,0,0,0,0,0,0,0,0,0,0,2,0,0,0,0,0,0,0,0,0,0,0,0,0,0,3,1,0
C:\Users\jotaa\OneDrive\햞ea de Trabalho\repositorios\logging-log4j2\log4j-1.2-api\src\test\java\org\apache\log4j\PropertyConfiguratorTest.java,org.apache.log4j.PropertyConfiguratorTest$FilterBasedTriggeringPolicy,innerclass,2,2,0,2,3,2,0,0,1,0.33333334,0.33333334,0.33333334,3,0,3,0,0,0,3,0,0,0,1,0,0,1,0,0,0,0,0,11,1,0,0,0,0,0,0,1,0,1,0,0,0,0,13,25,0
C:\Users\jotaa\OneDrive\햞ea de Trabalho\repositorios\logging-log4j2\log4j-1.2-api\src\main\java\org\apache\log4j\builders\layout\LayoutBuilder.java,org.apache.log4j.builders.layout.LayoutBuilder,interface,2,7,5,2,0,1,0,0,0,0.0,-1.0,-1.0,0,0,0,0,0,0,0,0,0,0,0,0,0,0,0,0,0,0,0,2,0,0,0,0,0,0,0,0,0,0,0,0,0,0,4,1,0
C:\Users\jotaa\OneDrive\햞ea de Trabalho\repositorios\logging-log4j2\log4j-1.2-api\src\main\java\org\apache\log4j\helpers\DateTimeDateFormat.java,org.apache.log4j.helpers.DateTimeDateFormat,class,1,4,3,1,5,4,0,9,4,0.75,0.16666667,0.16666667,4,0,4,0,0,0,4,0,0,0,2,1,0,1,0,1,1,0,1,30,2,0,0,0,0,0,2,4,0,4,1,0,0,0,47,1,0
C:\Users\jotaa\OneDrive\햞ea de Trabalho\repositorios\logging-log4j2\log4j-1.2-api\src\main\java\org\apache\log4j\Level.java,org.apache.log4j.Level,class,4,34,30,4,28,2,6,12,24,0.7888888,0.04761905,0.04761905,9,4,4,2,3,0,7,0,0,0,10,10,9,1,0,0,10,0,4,94,23,0,3,0,0,16,10,16,0,11,1,0,0,0,147,1,0
C:\Users\jotaa\OneDrive\햞ea de Trabalho\repositorios\logging-log4j2\log4j-1.2-api\src\main\java\org\apache\log4j\bridge\LayoutAdapter.java,org.apache.log4j.bridge.LayoutAdapter,class,8,10,2,8,15,1,0,8,0,0.2,0.41666666,0.41666666,10,1,9,1,0,0,9,0,0,0,1,0,0,1,0,0,1,0,0,41,10,0,4,0,1,0,1,3,0,3,1,0,0,0,41,17,0
C:\Users\jotaa\OneDrive\햞ea de Trabalho\repositorios\logging-log4j2\log4j-1.2-api\src\main\java\org\apache\log4j\legacy\core\ContextUtil.java,org.apache.log4j.legacy.core.ContextUtil,class,2,4,2,2,5,1,0,2,3,0.0,0.0,0.0,3,2,2,1,0,0,2,0,0,0,0,0,0,0,0,0,0,0,0,14,0,0,0,0,2,0,0,0,0,0,1,0,0,0,15,17,0
C:\Users\jotaa\OneDrive\햞ea de Trabalho\repositorios\logging-log4j2\log4j-1.2-api\src\main\java\org\apache\log4j\component\helpers\Constants.java,org.apache.log4j.component.helpers.Constants,interface,0,0,0,0,0,1,0,0,0,NaN,-1.0,-1.0,0,0,0,0,0,0,0,0,0,0,22,0,0,0,0,22,0,0,0,24,0,0,0,0,0,22,0,22,0,22,0,0,0,0,60,1,0
C:\Users\jotaa\OneDrive\햞ea de Trabalho\repositorios\logging-log4j2\log4j-1.2-api\src\main\java\org\apache\log4j\helpers\QuietWriter.java,org.apache.log4j.helpers.QuietWriter,class,2,8,6,2,8,3,1,4,0,0.0,1.0,1.0,4,0,4,0,0,0,4,0,0,0,1,0,0,0,1,0,0,0,0,31,0,0,2,2,0,4,0,1,1,1,2,0,0,0,28,1,2
C:\Users\jotaa\OneDrive\햞ea de Trabalho\repositorios\logging-log4j2\log4j-1.2-api\src\test\java\org\apache\log4j\config\Log4j1ConfigurationFactoryTest.java,org.apache.log4j.config.Log4j1ConfigurationFactoryTest,class,13,14,1,13,20,2,0,42,171,0.94736844,0.0,0.0,19,0,0,1,1,17,18,0,0,0,1,1,0,1,0,0,1,0,1,98,2,0,0,2,1,12,0,16,2,16,1,0,0,0,76,0,0
C:\Users\jotaa\OneDrive\햞ea de Trabalho\repositorios\logging-log4j2\log4j-1.2-api\src\test\java\org\apache\log4j\builders\filter\LevelRangeFilterBuilderTest.java,org.apache.log4j.builders.filter.LevelRangeFilterBuilderTest$TestLevelRangeFilterBuilderProvider,innerclass,4,4,0,4,1,1,0,2,0,0.0,NaN,NaN,1,0,1,0,0,0,1,0,0,0,0,0,0,0,0,0,0,0,1,5,1,0,0,0,0,0,0,0,0,0,0,0,0,0,14,10,0
C:\Users\jotaa\OneDrive\햞ea de Trabalho\repositorios\logging-log4j2\log4j-1.2-api\src\test\java\org\apache\log4j\config\PropertiesReconfigurationTest.java,org.apache.log4j.config.PropertiesReconfigurationTest$TestListener,innerclass,2,2,0,2,1,1,0,1,0,0.0,NaN,NaN,1,0,1,0,0,0,1,0,0,1,0,0,0,0,0,0,0,0,0,5,0,0,0,0,0,0,0,0,0,0,0,0,0,0,7,2,0
C:\Users\jotaa\OneDrive\햞ea de Trabalho\repositorios\logging-log4j2\log4j-1.2-api\src\main\java\org\apache\log4j\SimpleLayout.java,org.apache.log4j.SimpleLayout,class,2,2,0,2,2,2,0,0,1,0.0,0.0,0.0,2,0,2,0,0,0,2,0,0,0,0,0,0,0,0,0,0,0,0,8,2,0,0,0,0,0,0,0,0,0,0,0,0,0,9,1,0
C:\Users\jotaa\OneDrive\햞ea de Trabalho\repositorios\logging-log4j2\log4j-1.2-api\src\test\java\org\apache\log4j\config\StartsWithFilter.java,org.apache.log4j.config.StartsWithFilter,class,2,2,0,2,3,2,0,3,0,0.0,NaN,NaN,1,0,1,0,0,0,1,0,0,0,0,0,0,0,0,0,0,0,1,12,3,0,0,0,0,2,0,1,0,1,1,0,0,0,21,1,0
C:\Users\jotaa\OneDrive\햞ea de Trabalho\repositorios\logging-log4j2\log4j-1.2-api\src\main\java\org\apache\log4j\helpers\ISO8601DateFormat.java,org.apache.log4j.helpers.ISO8601DateFormat,class,2,5,3,2,24,4,0,9,6,0.8333333,0.0,0.0,4,0,4,0,0,0,4,0,0,0,3,3,0,3,0,0,1,0,0,103,2,0,2,0,2,13,12,24,3,12,2,0,0,0,66,1,0
C:\Users\jotaa\OneDrive\햞ea de Trabalho\repositorios\logging-log4j2\log4j-1.2-api\src\main\java\org\apache\log4j\spi\Filter.java,org.apache.log4j.spi.Filter,class,2,42,40,2,7,1,7,1,4,0.9,0.1,0.1,4,0,4,0,0,0,5,1,0,0,5,4,4,1,0,0,4,0,1,26,1,0,1,1,0,1,3,7,0,6,1,0,0,0,78,1025,0
C:\Users\jotaa\OneDrive\햞ea de Trabalho\repositorios\logging-log4j2\log4j-1.2-api\src\test\java\org\apache\log4j\spi\LocationInfoTest.java,org.apache.log4j.spi.LocationInfoTest,class,4,5,1,4,2,2,0,8,1,0.0,0.0,0.0,2,0,2,0,0,0,2,0,0,0,0,0,0,0,0,0,0,0,1,29,0,0,0,0,0,8,0,6,1,6,0,0,2,0,38,1,0
C:\Users\jotaa\OneDrive\햞ea de Trabalho\repositorios\logging-log4j2\log4j-1.2-api\src\main\java\org\apache\log4j\builders\Holder.java,org.apache.log4j.builders.Holder,class,1,2,1,1,4,1,0,0,0,0.25,0.5,0.5,4,0,4,0,0,0,4,0,0,0,1,0,0,1,0,0,0,0,0,14,1,0,0,0,0,0,0,2,0,1,0,0,0,0,25,1,0
C:\Users\jotaa\OneDrive\햞ea de Trabalho\repositorios\logging-log4j2\log4j-1.2-api\src\main\java\org\apache\log4j\config\PropertySetter.java,org.apache.log4j.config.PropertySetter,class,9,14,5,9,47,1,0,47,0,0.61111116,0.6111111,0.7777778,9,1,6,0,3,0,9,0,0,0,4,2,0,2,2,0,2,0,8,155,12,2,9,5,2,22,6,18,8,15,5,0,0,0,155,1,6
C:\Users\jotaa\OneDrive\햞ea de Trabalho\repositorios\logging-log4j2\log4j-1.2-api\src\main\java\org\apache\log4j\pattern\Log4j1LevelPatternConverter.java,org.apache.log4j.pattern.Log4j1LevelPatternConverter,class,6,8,2,6,3,2,0,4,3,0.6666667,0.0,0.0,3,1,2,1,0,0,2,0,0,0,1,1,0,1,0,0,1,0,1,12,1,0,0,0,0,4,0,1,0,1,0,0,0,0,27,1,0
C:\Users\jotaa\OneDrive\햞ea de Trabalho\repositorios\logging-log4j2\log4j-1.2-api\src\main\java\org\apache\log4j\config\Log4j1ConfigurationConverter.java,org.apache.log4j.config.Log4j1ConfigurationConverter$Anonymous1,anonymous,3,3,0,3,8,1,0,18,0,0.0,NaN,NaN,1,0,1,0,0,0,1,0,0,0,0,0,0,0,0,0,0,0,2,36,1,0,1,2,0,3,2,7,2,6,4,0,0,0,39,-1,0
C:\Users\jotaa\OneDrive\햞ea de Trabalho\repositorios\logging-log4j2\log4j-1.2-api\src\main\java\org\apache\log4j\helpers\PatternParser.java,org.apache.log4j.helpers.PatternParser$BasicPatternConverter,innerclass,4,4,0,4,7,2,0,7,0,0.0,1.0,1.0,2,0,1,0,0,1,2,0,0,0,1,0,0,0,0,1,0,0,2,25,6,0,0,0,1,0,0,1,1,1,1,0,0,0,12,10,0
C:\Users\jotaa\OneDrive\햞ea de Trabalho\repositorios\logging-log4j2\log4j-1.2-api\src\main\java\org\apache\log4j\pattern\FormattingInfo.java,org.apache.log4j.pattern.FormattingInfo,class,2,4,2,2,11,1,0,6,0,0.5333333,0.46666667,0.6666667,6,1,6,0,0,0,6,0,0,0,5,2,0,5,0,0,5,0,0,46,4,2,0,0,0,0,4,10,4,9,3,0,0,0,64,17,0
C:\Users\jotaa\OneDrive\햞ea de Trabalho\repositorios\logging-log4j2\log4j-1.2-api\src\main\java\org\apache\log4j\Layout.java,org.apache.log4j.Layout,class,1,41,40,1,5,1,6,1,10,1.0,0.0,0.0,5,0,5,0,0,0,5,2,0,0,2,2,2,0,0,0,2,0,0,15,3,0,0,0,0,1,0,2,0,2,0,0,0,0,73,1025,0
C:\Users\jotaa\OneDrive\햞ea de Trabalho\repositorios\logging-log4j2\log4j-1.2-api\src\test\java\org\apache\log4j\helpers\OptionConverterLevelTest.java,org.apache.log4j.helpers.OptionConverterLevelTest,class,9,9,0,9,8,1,0,21,15,0.0,0.0,0.0,6,1,0,0,0,6,6,0,0,0,0,0,0,0,0,0,0,0,24,45,1,2,0,0,2,5,11,11,15,9,1,0,0,1,66,0,0
C:\Users\jotaa\OneDrive\햞ea de Trabalho\repositorios\logging-log4j2\log4j-1.2-api\src\test\java\org\apache\log4j\config\MapRewriteAppenderTest.java,org.apache.log4j.config.MapRewriteAppenderTest,class,12,12,0,12,6,1,0,22,3,0.0,0.0,0.0,3,1,0,0,0,3,3,0,0,0,0,0,0,0,0,0,0,0,2,30,0,1,1,0,1,15,3,8,0,7,2,0,0,0,38,0,1
C:\Users\jotaa\OneDrive\햞ea de Trabalho\repositorios\logging-log4j2\log4j-1.2-api\src\main\java\org\apache\log4j\bridge\AppenderWrapper.java,org.apache.log4j.bridge.AppenderWrapper,class,14,32,18,14,21,1,0,13,33,0.6666667,0.34285715,0.34285715,15,1,15,0,0,0,15,0,0,0,2,1,0,2,0,0,2,0,1,64,10,0,1,0,3,1,0,3,0,3,2,0,0,0,76,1,1
C:\Users\jotaa\OneDrive\햞ea de Trabalho\repositorios\logging-log4j2\log4j-1.2-api\src\main\java\org\apache\log4j\builders\BuilderManager.java,org.apache.log4j.builders.BuilderManager,class,23,29,6,23,24,1,0,25,45,0.8636364,0.035714287,0.035714287,11,0,8,3,0,0,8,0,0,0,8,7,5,3,0,0,8,0,2,92,17,0,9,2,0,8,0,19,0,24,3,0,0,5,75,1,4
C:\Users\jotaa\OneDrive\햞ea de Trabalho\repositorios\logging-log4j2\log4j-1.2-api\src\main\java\org\apache\log4j\jmx\LoggerDynamicMBean.java,org.apache.log4j.jmx.LoggerDynamicMBean,class,9,11,2,9,30,2,0,35,16,0.75000006,0.4181818,0.6545454,12,0,7,1,1,3,11,0,0,0,7,1,0,7,0,0,7,0,4,136,8,1,4,2,2,56,11,29,16,22,3,0,0,0,87,1,8
C:\Users\jotaa\OneDrive\햞ea de Trabalho\repositorios\logging-log4j2\log4j-1.2-api\src\main\java\org\apache\log4j\varia\LevelMatchFilter.java,org.apache.log4j.varia.LevelMatchFilter,class,5,5,0,5,10,2,0,4,0,0.4,0.6,1.0,5,0,5,0,0,0,5,0,0,0,2,0,0,0,0,2,0,0,1,32,6,0,2,0,0,0,0,5,0,3,2,0,0,0,65,1,0
C:\Users\jotaa\OneDrive\햞ea de Trabalho\repositorios\logging-log4j2\log4j-1.2-api\src\test\java\org\apache\log4j\helpers\BoundedFIFOTestCase.java,org.apache.log4j.helpers.BoundedFIFOTestCase,class,7,8,1,7,35,2,0,12,6,0.7037037,0.22222222,0.22222222,9,1,8,0,0,1,10,0,0,0,3,3,0,0,0,3,0,0,4,145,2,23,0,0,0,8,53,45,12,43,5,0,0,0,53,1,0
C:\Users\jotaa\OneDrive\햞ea de Trabalho\repositorios\logging-log4j2\log4j-1.2-api\src\main\java\org\apache\log4j\config\Log4j1ConfigurationFactory.java,org.apache.log4j.config.Log4j1ConfigurationFactory,class,7,8,1,7,3,2,0,3,1,0.5,0.0,0.0,2,0,1,0,1,0,2,0,0,0,1,1,0,1,0,0,1,0,0,16,2,0,0,1,0,2,0,3,1,3,1,0,0,0,30,1,0
C:\Users\jotaa\OneDrive\햞ea de Trabalho\repositorios\logging-log4j2\log4j-1.2-api\src\test\java\org\apache\log4j\config\XmlRollingWithPropertiesTest.java,org.apache.log4j.config.XmlRollingWithPropertiesTest,class,6,7,1,6,3,1,0,9,0,0.0,1.0,1.0,2,1,0,0,0,2,2,0,0,0,1,1,0,1,0,0,1,0,7,15,0,0,0,0,0,9,1,3,3,3,0,0,0,0,37,0,1
C:\Users\jotaa\OneDrive\햞ea de Trabalho\repositorios\logging-log4j2\log4j-1.2-api\src\test\java\org\apache\log4j\CustomFileAppender.java,org.apache.log4j.CustomFileAppender,class,1,2,1,1,6,4,0,0,9,0.6666667,0.2,0.2,6,0,6,0,0,0,6,0,0,0,3,0,0,3,0,0,0,0,0,23,3,0,0,0,0,0,0,3,0,3,0,0,0,0,12,1,0
C:\Users\jotaa\OneDrive\햞ea de Trabalho\repositorios\logging-log4j2\log4j-1.2-api\src\main\java\org\apache\log4j\Hierarchy.java,org.apache.log4j.Hierarchy,class,24,30,6,24,52,3,0,45,704,0.9270833,0.034534536,0.08708709,40,2,25,3,0,12,37,0,0,0,12,2,0,5,0,7,4,0,26,224,24,3,4,0,0,9,4,23,2,26,2,0,2,3,276,1,7
C:\Users\jotaa\OneDrive\햞ea de Trabalho\repositorios\logging-log4j2\log4j-1.2-api\src\test\java\org\apache\log4j\config\AutoConfigTest.java,org.apache.log4j.config.AutoConfigTest,class,12,12,0,12,7,1,0,17,1,0.0,0.0,0.0,2,1,0,0,0,2,2,0,0,0,0,0,0,0,0,0,0,0,2,28,0,1,2,0,3,9,0,10,0,8,2,0,0,0,33,0,1
C:\Users\jotaa\OneDrive\햞ea de Trabalho\repositorios\logging-log4j2\log4j-1.2-api\src\main\java\org\apache\log4j\config\Log4j1ConfigurationConverter.java,org.apache.log4j.config.Log4j1ConfigurationConverter,class,7,11,4,7,14,2,0,19,0,0.625,0.3,0.3,8,2,2,3,1,2,5,0,0,0,2,1,0,2,0,0,2,0,4,140,3,0,3,2,0,4,0,10,1,10,2,1,1,0,63,17,0
C:\Users\jotaa\OneDrive\햞ea de Trabalho\repositorios\logging-log4j2\log4j-1.2-api\src\main\java\org\apache\log4j\helpers\PatternParser.java,org.apache.log4j.helpers.PatternParser$CategoryPatternConverter,innerclass,3,3,0,3,2,3,0,1,1,0.0,0.0,0.0,2,0,0,0,0,2,2,0,0,0,0,0,0,0,0,0,0,0,0,8,1,0,0,0,0,0,0,0,0,0,0,0,0,0,14,2,0
C:\Users\jotaa\OneDrive\햞ea de Trabalho\repositorios\logging-log4j2\log4j-1.2-api\src\test\java\org\apache\log4j\PropertyConfiguratorTest.java,org.apache.log4j.PropertyConfiguratorTest$TriggeringPolicy,innerclass,1,1,0,1,3,1,0,0,1,0.33333334,0.33333334,0.33333334,3,0,3,0,0,0,3,0,1,0,1,0,0,1,0,0,0,0,0,11,1,0,0,0,0,0,0,2,0,1,0,0,0,0,16,9,0
C:\Users\jotaa\OneDrive\햞ea de Trabalho\repositorios\logging-log4j2\log4j-1.2-api\src\main\java\org\apache\log4j\rewrite\MapRewritePolicy.java,org.apache.log4j.rewrite.MapRewritePolicy,class,13,14,1,13,14,1,0,47,1,0.0,NaN,NaN,2,0,1,1,0,0,1,0,0,0,0,0,0,0,0,0,0,0,3,44,5,2,4,0,3,3,3,13,0,11,4,0,0,0,80,1,0
C:\Users\jotaa\OneDrive\햞ea de Trabalho\repositorios\logging-log4j2\log4j-1.2-api\src\main\java\org\apache\log4j\spi\TriggeringEventEvaluator.java,org.apache.log4j.spi.TriggeringEventEvaluator,interface,1,1,0,1,1,1,0,0,0,0.0,NaN,NaN,1,0,1,0,0,0,1,0,0,0,0,0,0,0,0,0,0,0,0,3,0,0,0,0,0,0,0,0,0,0,0,0,0,0,36,1,0
C:\Users\jotaa\OneDrive\햞ea de Trabalho\repositorios\logging-log4j2\log4j-1.2-api\src\main\java\org\apache\log4j\builders\AbstractBuilder.java,org.apache.log4j.builders.AbstractBuilder,class,12,34,22,12,45,1,9,49,234,0.95833325,0.09090909,0.09090909,24,1,9,2,11,2,22,0,0,0,12,10,0,3,9,0,12,0,17,168,22,0,13,4,0,18,6,33,3,32,2,0,0,4,82,1025,8
C:\Users\jotaa\OneDrive\햞ea de Trabalho\repositorios\logging-log4j2\log4j-1.2-api\src\test\java\org\apache\log4j\LoggerTest.java,org.apache.log4j.LoggerTest$MyLogger,innerclass,3,3,0,3,2,1,0,2,0,0.0,1.0,1.0,2,0,2,0,0,0,2,0,0,0,1,0,0,1,0,0,1,0,0,9,0,0,0,0,0,1,0,1,0,1,0,0,0,0,7,10,0
C:\Users\jotaa\OneDrive\햞ea de Trabalho\repositorios\logging-log4j2\log4j-1.2-api\src\test\java\org\apache\log4j\PropertyConfiguratorTest.java,org.apache.log4j.PropertyConfiguratorTest$RollingPolicy,innerclass,1,1,0,1,3,1,0,0,1,0.33333334,0.33333334,0.33333334,3,0,3,0,0,0,3,0,1,0,1,0,0,1,0,0,0,0,0,11,1,0,0,0,0,0,0,2,0,1,0,0,0,0,16,9,0
C:\Users\jotaa\OneDrive\햞ea de Trabalho\repositorios\logging-log4j2\log4j-1.2-api\src\main\java\org\apache\log4j\helpers\NullEnumeration.java,org.apache.log4j.helpers.NullEnumeration,class,1,3,2,1,4,1,0,0,6,0.75,0.0,0.0,4,1,3,1,0,0,3,0,0,0,1,1,0,1,0,0,1,0,0,14,2,0,0,0,0,1,0,1,0,1,0,0,0,0,25,17,0
C:\Users\jotaa\OneDrive\햞ea de Trabalho\repositorios\logging-log4j2\log4j-1.2-api\src\main\java\org\apache\log4j\spi\DefaultRepositorySelector.java,org.apache.log4j.spi.DefaultRepositorySelector,class,2,3,1,2,2,1,0,0,0,0.0,1.0,1.0,2,0,2,0,0,0,2,0,0,0,1,0,0,0,0,1,1,0,0,9,1,0,0,0,0,0,0,1,0,1,0,0,0,0,6,1,0
C:\Users\jotaa\OneDrive\햞ea de Trabalho\repositorios\logging-log4j2\log4j-1.2-api\src\main\java\org\apache\log4j\spi\OptionHandler.java,org.apache.log4j.spi.OptionHandler,interface,0,9,9,0,1,1,0,0,0,0.0,NaN,NaN,1,0,0,0,0,1,1,0,0,0,0,0,0,0,0,0,0,0,0,3,0,0,0,0,0,0,0,0,0,0,0,0,0,0,10,1,0
C:\Users\jotaa\OneDrive\햞ea de Trabalho\repositorios\logging-log4j2\log4j-1.2-api\src\main\java\org\apache\log4j\config\Log4j1ConfigurationParser.java,org.apache.log4j.config.Log4j1ConfigurationParser,class,12,15,3,12,79,1,0,68,152,0.875,NaN,NaN,24,0,1,23,0,0,1,0,0,0,9,7,0,9,0,0,9,0,15,332,10,6,20,1,0,128,6,79,14,66,7,0,0,0,183,1,1
C:\Users\jotaa\OneDrive\햞ea de Trabalho\repositorios\logging-log4j2\log4j-1.2-api\src\test\java\org\apache\log4j\bridge\LogEventWrapperTest.java,org.apache.log4j.bridge.LogEventWrapperTest$Anonymous1,anonymous,0,0,0,0,1,1,0,0,0,0.0,NaN,NaN,1,0,1,0,0,0,1,0,0,0,0,0,0,0,0,0,0,0,0,5,1,0,0,0,0,0,0,0,0,0,0,0,0,0,4,-1,0
C:\Users\jotaa\OneDrive\햞ea de Trabalho\repositorios\logging-log4j2\log4j-1.2-api\src\main\java\org\apache\log4j\jmx\Agent.java,org.apache.log4j.jmx.Agent,class,4,5,1,4,14,1,0,15,6,0.75,0.0,0.0,4,2,2,2,0,0,2,0,0,0,1,1,0,0,0,1,0,0,5,61,3,0,1,3,0,8,2,7,0,6,3,0,0,0,76,1,4
C:\Users\jotaa\OneDrive\햞ea de Trabalho\repositorios\logging-log4j2\log4j-1.2-api\src\test\java\org\apache\log4j\builders\filter\LevelRangeFilterBuilderTest.java,org.apache.log4j.builders.filter.LevelRangeFilterBuilderTest$TestLevelRangeFilterBuilder,interface,2,2,0,2,1,1,0,0,0,0.0,NaN,NaN,1,0,0,0,0,1,1,0,0,0,0,0,0,0,0,0,0,0,0,3,0,0,0,0,0,0,0,0,0,0,0,0,0,0,11,2,0
C:\Users\jotaa\OneDrive\햞ea de Trabalho\repositorios\logging-log4j2\log4j-1.2-api\src\main\java\org\apache\log4j\builders\BooleanHolder.java,org.apache.log4j.builders.BooleanHolder,class,1,1,0,1,3,2,0,1,1,0.0,0.0,0.0,2,0,2,0,0,0,2,0,0,0,0,0,0,0,0,0,0,0,0,10,0,0,1,0,0,0,0,0,0,0,1,0,0,0,15,1,0
C:\Users\jotaa\OneDrive\햞ea de Trabalho\repositorios\logging-log4j2\log4j-1.2-api\src\test\java\org\apache\log4j\builders\filter\LevelRangeFilterBuilderTest.java,org.apache.log4j.builders.filter.LevelRangeFilterBuilderTest,class,9,10,1,9,8,1,0,4,28,0.0,0.0,0.0,8,1,0,1,0,7,7,0,0,0,0,0,0,0,0,0,0,0,49,124,0,0,0,0,0,0,0,7,0,7,0,0,4,0,21,0,0
C:\Users\jotaa\OneDrive\햞ea de Trabalho\repositorios\logging-log4j2\log4j-1.2-api\src\test\java\org\apache\log4j\LoggerJira3410Test.java,org.apache.log4j.LoggerJira3410Test,class,10,10,0,10,4,1,0,18,0,0.0,NaN,NaN,1,0,0,0,0,1,1,0,0,0,0,0,0,0,0,0,0,0,2,30,0,1,1,1,1,10,5,11,3,10,3,0,0,0,32,0,3
C:\Users\jotaa\OneDrive\햞ea de Trabalho\repositorios\logging-log4j2\log4j-1.2-api\src\main\java\org\apache\log4j\bridge\LogEventWrapper.java,org.apache.log4j.bridge.LogEventWrapper,class,19,24,5,19,32,3,0,26,168,0.8020833,0.15810277,0.26086956,24,0,23,1,0,0,23,0,0,0,4,0,0,4,0,0,3,0,7,115,22,1,5,0,0,0,4,10,0,9,3,0,1,0,60,1,0
C:\Users\jotaa\OneDrive\햞ea de Trabalho\repositorios\logging-log4j2\log4j-1.2-api\src\test\java\org\apache\log4j\spi\ThrowableInformationTest.java,org.apache.log4j.spi.ThrowableInformationTest$OverriddenThrowable,innerclass,0,0,0,0,2,2,0,10,1,1.0,0.0,0.0,2,0,2,0,0,0,2,0,0,0,1,1,0,1,0,0,1,0,0,16,0,0,0,0,0,9,5,1,0,1,0,0,0,0,30,26,0
C:\Users\jotaa\OneDrive\햞ea de Trabalho\repositorios\logging-log4j2\log4j-1.2-api\src\test\java\org\apache\log4j\helpers\UtilLoggingLevelTest.java,org.apache.log4j.helpers.UtilLoggingLevelTest,class,7,7,0,7,3,1,0,12,3,0.0,0.0,0.0,3,1,1,0,0,2,3,0,0,0,0,0,0,0,0,0,0,0,4,13,1,0,0,0,0,6,0,0,1,1,0,0,0,1,27,1,0
C:\Users\jotaa\OneDrive\햞ea de Trabalho\repositorios\logging-log4j2\log4j-1.2-api\src\main\java\org\apache\log4j\helpers\OptionConverter.java,org.apache.log4j.helpers.OptionConverter$LevelWrapper,innerclass,3,3,0,3,1,3,0,4,0,1.0,NaN,NaN,1,0,0,0,1,0,1,0,0,0,1,1,0,1,0,0,1,0,2,6,0,0,0,0,0,0,1,1,0,1,0,0,0,0,12,10,0
C:\Users\jotaa\OneDrive\햞ea de Trabalho\repositorios\logging-log4j2\log4j-1.2-api\src\test\java\org\apache\log4j\BasicConfigurationFactory.java,org.apache.log4j.BasicConfigurationFactory$BasicConfiguration,innerclass,4,4,0,4,4,2,0,5,1,0.75,0.0,0.0,2,0,1,0,1,0,2,0,0,0,2,2,0,2,0,0,2,0,1,14,0,0,2,0,1,2,1,5,0,5,0,0,0,0,30,9,0
C:\Users\jotaa\OneDrive\햞ea de Trabalho\repositorios\logging-log4j2\log4j-1.2-api\src\test\java\org\apache\log4j\spi\ThrowableInformationTest.java,org.apache.log4j.spi.ThrowableInformationTest$NotOverriddenThrowable,innerclass,0,0,0,0,2,2,0,13,1,1.0,0.0,0.0,2,0,2,0,0,0,2,0,0,0,1,1,0,1,0,0,1,0,0,20,0,0,0,0,0,0,5,1,0,1,0,0,0,0,32,26,0
C:\Users\jotaa\OneDrive\햞ea de Trabalho\repositorios\logging-log4j2\log4j-1.2-api\src\main\java\org\apache\log4j\PropertyConfigurator.java,org.apache.log4j.PropertyConfigurator$NameValue,innerclass,0,0,0,0,2,1,0,0,0,0.0,1.0,1.0,2,0,2,0,0,0,2,0,0,0,1,0,0,0,0,1,0,0,0,10,1,0,0,0,0,1,0,2,1,2,0,0,0,0,6,8,0
C:\Users\jotaa\OneDrive\햞ea de Trabalho\repositorios\logging-log4j2\log4j-1.2-api\src\main\java\org\apache\log4j\Hierarchy.java,org.apache.log4j.Hierarchy$PrivateLoggerAdapter,innerclass,5,5,0,5,2,2,0,1,1,0.0,0.0,0.0,2,0,0,0,2,0,2,0,0,0,0,0,0,0,0,0,0,0,1,8,2,0,0,0,0,0,0,0,0,0,0,0,0,0,7,10,0
C:\Users\jotaa\OneDrive\햞ea de Trabalho\repositorios\logging-log4j2\log4j-1.2-api\src\main\java\org\apache\log4j\RollingFileAppender.java,org.apache.log4j.RollingFileAppender,class,8,9,1,8,30,4,0,16,40,0.72222215,0.1969697,0.3181818,12,0,10,0,2,0,12,0,0,1,3,0,0,1,2,0,0,0,9,101,2,1,3,2,4,16,12,22,15,10,5,0,0,0,173,1,6
C:\Users\jotaa\OneDrive\햞ea de Trabalho\repositorios\logging-log4j2\log4j-1.2-api\src\main\java\org\apache\log4j\helpers\FormattingInfo.java,org.apache.log4j.helpers.FormattingInfo,class,1,10,9,1,2,1,0,1,0,0.0,1.0,1.0,2,0,0,0,0,2,2,0,0,0,3,0,0,0,0,3,0,0,1,13,0,0,0,0,0,3,4,6,1,3,0,0,0,0,22,1,1
C:\Users\jotaa\OneDrive\햞ea de Trabalho\repositorios\logging-log4j2\log4j-1.2-api\src\main\java\org\apache\log4j\helpers\OptionConverter.java,org.apache.log4j.helpers.OptionConverter,class,12,48,36,12,105,3,0,67,219,0.926087,0.08095238,0.104761906,23,22,18,2,0,3,21,0,0,0,10,10,0,3,0,7,6,0,25,393,64,3,36,6,16,55,40,73,57,53,4,0,2,0,305,1,19
C:\Users\jotaa\OneDrive\햞ea de Trabalho\repositorios\logging-log4j2\log4j-1.2-api\src\test\java\org\apache\log4j\ConsoleAppenderTest.java,org.apache.log4j.ConsoleAppenderTest,class,3,3,0,3,3,1,0,6,0,0.0,1.0,1.0,3,0,0,0,0,3,3,0,0,0,1,0,0,1,0,0,0,0,0,14,0,0,0,0,0,0,0,1,0,1,0,0,0,0,16,0,0
C:\Users\jotaa\OneDrive\햞ea de Trabalho\repositorios\logging-log4j2\log4j-1.2-api\src\test\java\org\apache\log4j\config\AbstractLog4j1ConfigurationTest.java,org.apache.log4j.config.AbstractLog4j1ConfigurationTest,class,34,38,4,34,41,1,3,90,595,0.9714286,0.0,0.0,35,0,0,14,4,17,21,1,0,0,1,0,0,0,0,1,0,0,11,459,13,1,0,6,12,175,60,115,8,104,2,0,0,0,164,1024,13
C:\Users\jotaa\OneDrive\햞ea de Trabalho\repositorios\logging-log4j2\log4j-1.2-api\src\test\java\org\apache\log4j\pattern\NameAbbreviatorTest.java,org.apache.log4j.pattern.NameAbbreviatorTest,class,2,2,0,2,11,2,0,10,55,0.0,0.0,0.0,11,0,11,0,0,0,11,0,0,0,0,0,0,0,0,0,0,0,11,222,0,0,0,0,0,102,25,52,0,27,0,0,0,0,65,1,0
C:\Users\jotaa\OneDrive\햞ea de Trabalho\repositorios\logging-log4j2\log4j-1.2-api\src\main\java\org\apache\log4j\builders\layout\PatternLayoutBuilder.java,org.apache.log4j.builders.layout.PatternLayoutBuilder,class,13,15,2,13,10,2,0,18,8,0.70000005,0.1,0.1,5,0,4,0,0,1,5,0,0,0,2,2,0,2,0,0,2,0,0,38,3,1,2,0,0,13,1,11,0,9,4,0,0,0,44,1,1
C:\Users\jotaa\OneDrive\햞ea de Trabalho\repositorios\logging-log4j2\log4j-1.2-api\src\main\java\org\apache\log4j\helpers\BoundedFIFO.java,org.apache.log4j.helpers.BoundedFIFO,class,2,4,2,2,23,1,0,2,0,0.56,0.7111111,0.8,10,0,9,0,0,1,10,0,0,1,5,0,0,0,0,5,0,0,2,77,9,0,9,0,2,2,14,23,6,9,2,0,0,0,97,1,0
C:\Users\jotaa\OneDrive\햞ea de Trabalho\repositorios\logging-log4j2\log4j-1.2-api\src\main\java\org\apache\log4j\builders\appender\AsyncAppenderBuilder.java,org.apache.log4j.builders.appender.AsyncAppenderBuilder,class,18,19,1,18,17,2,0,40,6,0.6,0.16666667,0.16666667,5,0,4,1,0,0,4,0,0,0,3,3,0,3,0,0,3,0,4,85,6,1,4,0,0,7,4,23,0,23,3,0,0,1,71,1,3
C:\Users\jotaa\OneDrive\햞ea de Trabalho\repositorios\logging-log4j2\log4j-1.2-api\src\main\java\org\apache\log4j\builders\layout\TTCCLayoutBuilder.java,org.apache.log4j.builders.layout.TTCCLayoutBuilder,class,9,10,1,9,18,2,0,23,8,0.6,0.16666667,0.16666667,5,0,4,1,0,0,4,0,0,0,5,5,0,5,0,0,5,0,1,77,3,0,2,0,0,18,0,16,0,17,3,0,0,1,57,1,0
C:\Users\jotaa\OneDrive\햞ea de Trabalho\repositorios\logging-log4j2\log4j-1.2-api\src\main\java\org\apache\log4j\builders\appender\RollingFileAppenderBuilder.java,org.apache.log4j.builders.appender.RollingFileAppenderBuilder,class,18,19,1,18,18,2,0,46,8,0.6666667,0.16666667,0.16666667,5,0,4,1,0,0,4,0,0,0,3,3,0,3,0,0,3,0,3,92,4,0,1,0,0,6,2,31,1,31,3,0,0,1,86,1,1
C:\Users\jotaa\OneDrive\햞ea de Trabalho\repositorios\logging-log4j2\log4j-1.2-api\src\main\java\org\apache\log4j\pattern\NameAbbreviator.java,org.apache.log4j.pattern.NameAbbreviator$MaxElementAbbreviator,innerclass,1,1,0,1,5,2,0,4,0,0.0,1.0,1.0,2,0,2,0,0,0,2,0,0,0,1,0,0,1,0,0,1,0,0,17,1,1,1,0,2,1,5,5,3,4,2,0,0,0,28,10,0
C:\Users\jotaa\OneDrive\햞ea de Trabalho\repositorios\logging-log4j2\log4j-1.2-api\src\main\java\org\apache\log4j\builders\appender\DailyRollingFileAppenderBuilder.java,org.apache.log4j.builders.appender.DailyRollingFileAppenderBuilder,class,17,18,1,17,17,2,0,48,8,0.6666667,0.16666667,0.16666667,5,0,4,1,0,0,4,0,0,0,3,3,0,3,0,0,3,0,4,87,4,0,1,0,0,6,2,29,1,29,3,0,0,1,81,1,1
C:\Users\jotaa\OneDrive\햞ea de Trabalho\repositorios\logging-log4j2\log4j-1.2-api\src\main\java\org\apache\log4j\or\ObjectRenderer.java,org.apache.log4j.or.ObjectRenderer,interface,0,7,7,0,1,1,0,0,0,0.0,NaN,NaN,1,0,0,0,0,1,1,0,0,0,0,0,0,0,0,0,0,0,0,3,0,0,0,0,0,0,0,0,0,0,0,0,0,0,17,1,0
C:\Users\jotaa\OneDrive\햞ea de Trabalho\repositorios\logging-log4j2\log4j-1.2-api\src\main\java\org\apache\log4j\builders\appender\NullAppenderBuilder.java,org.apache.log4j.builders.appender.NullAppenderBuilder,class,7,7,0,7,2,1,0,3,1,0.0,0.0,0.0,2,0,2,0,0,0,2,0,0,0,0,0,0,0,0,0,0,0,2,9,2,0,0,0,0,2,0,1,0,1,0,0,0,0,21,1,0
C:\Users\jotaa\OneDrive\햞ea de Trabalho\repositorios\logging-log4j2\log4j-1.2-api\src\test\java\org\apache\log4j\spi\ThrowableInformationTest.java,org.apache.log4j.spi.ThrowableInformationTest$StringThrowable,innerclass,0,0,0,0,2,2,0,1,0,0.5,1.0,1.0,2,0,2,0,0,0,2,0,0,0,2,1,0,2,0,0,2,0,0,10,0,0,0,0,0,0,1,2,0,2,0,0,0,0,26,26,0
C:\Users\jotaa\OneDrive\햞ea de Trabalho\repositorios\logging-log4j2\log4j-1.2-api\src\test\java\org\apache\log4j\config\XmlReconfigurationTest.java,org.apache.log4j.config.XmlReconfigurationTest$TestListener,innerclass,2,2,0,2,1,1,0,1,0,0.0,NaN,NaN,1,0,1,0,0,0,1,0,0,1,0,0,0,0,0,0,0,0,0,5,0,0,0,0,0,0,0,0,0,0,0,0,0,0,7,2,0
C:\Users\jotaa\OneDrive\햞ea de Trabalho\repositorios\logging-log4j2\log4j-1.2-api\src\main\java\org\apache\log4j\helpers\PatternParser.java,org.apache.log4j.helpers.PatternParser$ClassNamePatternConverter,innerclass,4,4,0,4,2,3,0,2,1,0.0,0.0,0.0,2,0,0,0,0,2,2,0,0,0,0,0,0,0,0,0,0,0,0,8,1,0,0,0,0,0,0,0,0,0,0,0,0,0,14,2,0
C:\Users\jotaa\OneDrive\햞ea de Trabalho\repositorios\logging-log4j2\log4j-1.2-api\src\test\java\org\apache\log4j\PropertyConfiguratorTest.java,org.apache.log4j.PropertyConfiguratorTest$FixedWindowRollingPolicy,innerclass,1,1,0,1,7,2,0,0,11,0.6666667,0.23809524,0.23809524,7,0,7,0,0,0,7,0,0,0,3,0,0,3,0,0,0,0,0,26,3,0,0,0,0,0,1,4,0,3,0,0,0,0,21,25,0
C:\Users\jotaa\OneDrive\햞ea de Trabalho\repositorios\logging-log4j2\log4j-1.2-api\src\main\java\org\apache\log4j\helpers\PatternParser.java,org.apache.log4j.helpers.PatternParser,class,16,18,2,16,55,11,0,20,3,0.77380943,0.53333336,0.6666667,7,0,2,1,4,0,6,0,0,0,24,16,0,6,5,13,16,0,7,390,4,1,9,2,4,12,42,71,15,34,5,0,8,0,143,1,5
C:\Users\jotaa\OneDrive\햞ea de Trabalho\repositorios\logging-log4j2\log4j-1.2-api\src\test\java\org\apache\log4j\builders\BuilderManagerTest.java,org.apache.log4j.builders.BuilderManagerTest,class,7,7,0,7,1,1,0,6,0,0.0,NaN,NaN,1,0,0,0,0,1,1,0,0,0,0,0,0,0,0,0,0,0,0,13,0,0,0,0,0,7,0,5,0,5,0,0,0,0,43,0,0
C:\Users\jotaa\OneDrive\햞ea de Trabalho\repositorios\logging-log4j2\log4j-1.2-api\src\main\java\org\apache\log4j\bridge\ErrorHandlerAdapter.java,org.apache.log4j.bridge.ErrorHandlerAdapter,class,4,5,1,4,8,1,0,3,0,0.0,1.0,1.0,5,0,5,0,0,0,5,0,0,0,1,0,0,1,0,0,1,0,0,28,1,0,1,0,0,0,2,1,0,1,1,0,0,0,18,1,5
C:\Users\jotaa\OneDrive\햞ea de Trabalho\repositorios\logging-log4j2\log4j-1.2-api\src\main\java\org\apache\log4j\xml\XMLWatchdog.java,org.apache.log4j.xml.XMLWatchdog,class,3,4,1,3,2,3,0,2,1,0.0,0.0,0.0,2,0,1,0,0,1,2,0,0,0,0,0,0,0,0,0,0,0,1,8,0,0,0,0,0,0,0,0,0,0,0,0,0,0,18,0,0
C:\Users\jotaa\OneDrive\햞ea de Trabalho\repositorios\logging-log4j2\log4j-1.2-api\src\main\java\org\apache\log4j\Category.java,org.apache.log4j.Category,class,30,73,43,30,126,1,1,79,1206,0.8683761,0.2051432,0.6592636,65,9,52,6,2,5,59,0,5,1,9,1,0,2,6,1,2,0,40,366,44,5,29,0,5,3,10,38,0,34,5,0,0,0,263,1,1
C:\Users\jotaa\OneDrive\햞ea de Trabalho\repositorios\logging-log4j2\log4j-1.2-api\src\main\java\org\apache\log4j\jmx\LayoutDynamicMBean.java,org.apache.log4j.jmx.LayoutDynamicMBean,class,10,12,2,10,35,2,0,33,0,0.65625,0.73333335,1.0,8,0,5,2,1,0,6,0,0,0,8,1,0,8,0,0,8,0,5,127,10,1,11,2,3,28,12,32,6,27,4,0,0,0,91,1,5
C:\Users\jotaa\OneDrive\햞ea de Trabalho\repositorios\logging-log4j2\log4j-1.2-api\src\test\java\org\apache\log4j\xml\XLevel.java,org.apache.log4j.xml.XLevel,class,2,3,1,2,9,3,0,5,0,0.6785714,0.0,0.0,4,3,3,0,1,0,4,0,0,0,7,7,4,3,0,0,7,0,3,37,8,0,1,0,0,2,5,8,2,8,1,0,0,0,53,1,0
C:\Users\jotaa\OneDrive\햞ea de Trabalho\repositorios\logging-log4j2\log4j-1.2-api\src\main\java\org\apache\log4j\builders\appender\AppenderBuilder.java,org.apache.log4j.builders.appender.AppenderBuilder,interface,6,18,12,6,2,1,0,0,1,0.0,0.0,0.0,2,0,0,0,0,2,2,0,0,0,0,0,0,0,0,0,0,0,0,4,0,0,0,0,0,0,0,0,0,0,0,0,0,0,13,1,0
C:\Users\jotaa\OneDrive\햞ea de Trabalho\repositorios\logging-log4j2\log4j-1.2-api\src\main\java\org\apache\log4j\bridge\FilterAdapter.java,org.apache.log4j.bridge.FilterAdapter,class,11,21,10,11,17,2,0,8,0,0.16666667,0.6,0.6,6,2,5,1,0,0,5,0,0,0,1,0,0,1,0,0,1,0,3,55,11,1,5,0,3,0,0,6,0,4,2,0,0,0,45,17,0
C:\Users\jotaa\OneDrive\햞ea de Trabalho\repositorios\logging-log4j2\log4j-1.2-api\src\main\java\org\apache\log4j\builders\layout\HtmlLayoutBuilder.java,org.apache.log4j.builders.layout.HtmlLayoutBuilder,class,8,9,1,8,8,2,0,19,8,0.6666667,0.16666667,0.16666667,5,0,4,1,0,0,4,0,0,0,3,3,0,3,0,0,3,0,1,34,3,0,0,0,0,9,0,7,0,8,3,0,0,1,45,1,0
C:\Users\jotaa\OneDrive\햞ea de Trabalho\repositorios\logging-log4j2\log4j-1.2-api\src\test\java\org\apache\log4j\pattern\Log4j1LevelPatternConverterTest.java,org.apache.log4j.pattern.Log4j1LevelPatternConverterTest,class,6,6,0,6,1,1,0,10,0,0.0,NaN,NaN,1,0,0,0,0,1,1,0,0,0,0,0,0,0,0,0,0,0,1,10,0,0,0,0,0,1,0,3,0,3,0,0,0,0,30,0,0
C:\Users\jotaa\OneDrive\햞ea de Trabalho\repositorios\logging-log4j2\log4j-1.2-api\src\main\java\org\apache\log4j\helpers\RelativeTimeDateFormat.java,org.apache.log4j.helpers.RelativeTimeDateFormat,class,0,1,1,0,3,3,0,3,1,0.6666667,0.33333334,0.33333334,3,0,3,0,0,0,3,0,0,0,2,1,0,1,1,0,2,0,1,13,2,0,0,0,1,0,1,2,1,2,0,0,0,0,42,1,0
C:\Users\jotaa\OneDrive\햞ea de Trabalho\repositorios\logging-log4j2\log4j-1.2-api\src\main\java\org\apache\log4j\ConsoleAppender.java,org.apache.log4j.ConsoleAppender,class,5,9,4,5,13,3,1,8,45,0.8181818,0.09090909,0.12727273,11,0,10,0,0,1,11,0,0,0,4,2,2,1,1,0,2,0,0,48,3,0,0,0,0,5,0,7,1,5,1,0,0,0,81,1,2
C:\Users\jotaa\OneDrive\햞ea de Trabalho\repositorios\logging-log4j2\log4j-1.2-api\src\main\java\org\apache\log4j\rewrite\PropertyRewritePolicy.java,org.apache.log4j.rewrite.PropertyRewritePolicy,class,11,12,1,11,14,1,0,51,4,0.5,0.33333334,0.33333334,4,0,3,1,0,0,3,0,0,0,1,0,0,1,0,0,0,0,3,48,4,3,3,0,1,2,3,13,0,11,3,0,0,0,74,1,0
C:\Users\jotaa\OneDrive\햞ea de Trabalho\repositorios\logging-log4j2\log4j-1.2-api\src\main\java\org\apache\log4j\spi\LoggerFactory.java,org.apache.log4j.spi.LoggerFactory,interface,1,8,7,1,1,1,0,0,0,0.0,NaN,NaN,1,0,0,0,0,1,1,0,0,0,0,0,0,0,0,0,0,0,0,3,0,0,0,0,0,0,0,0,0,0,0,0,0,0,20,1,0
C:\Users\jotaa\OneDrive\햞ea de Trabalho\repositorios\logging-log4j2\log4j-1.2-api\src\main\java\org\apache\log4j\builders\rolling\CompositeTriggeringPolicyBuilder.java,org.apache.log4j.builders.rolling.CompositeTriggeringPolicyBuilder,class,10,11,1,10,7,2,0,9,10,0.8,0.0,0.0,5,0,4,1,0,0,4,0,0,0,2,2,0,2,0,0,2,0,2,31,3,0,1,0,0,2,1,4,0,5,3,0,0,1,34,1,0
C:\Users\jotaa\OneDrive\햞ea de Trabalho\repositorios\logging-log4j2\log4j-1.2-api\src\main\java\org\apache\log4j\spi\Configurator.java,org.apache.log4j.spi.Configurator,interface,1,4,3,1,2,1,0,0,1,1.0,0.0,0.0,2,0,0,0,0,2,2,0,0,0,2,2,2,0,0,0,2,0,0,6,0,0,0,0,0,2,0,2,0,2,0,0,0,0,52,1,0
C:\Users\jotaa\OneDrive\햞ea de Trabalho\repositorios\logging-log4j2\log4j-1.2-api\src\test\java\org\apache\log4j\config\PropertiesReconfigurationTest.java,org.apache.log4j.config.PropertiesReconfigurationTest,class,21,22,1,21,17,1,0,47,87,0.8928571,0.33333334,0.33333334,14,0,0,10,0,4,4,0,0,0,6,5,0,6,0,0,6,0,13,129,1,0,1,4,0,34,12,34,1,34,3,0,1,0,99,0,3
C:\Users\jotaa\OneDrive\햞ea de Trabalho\repositorios\logging-log4j2\log4j-1.2-api\src\test\java\org\apache\log4j\LoggerTest.java,org.apache.log4j.LoggerTest$CountingAppender,innerclass,2,2,0,2,3,2,0,0,1,0.6666667,0.33333334,0.33333334,3,0,2,0,0,1,3,0,0,0,2,1,0,1,0,1,1,0,0,14,1,0,0,0,0,1,2,2,0,2,0,0,0,0,18,10,0
C:\Users\jotaa\OneDrive\햞ea de Trabalho\repositorios\logging-log4j2\log4j-1.2-api\src\main\java\org\apache\log4j\builders\rewrite\RewritePolicyBuilder.java,org.apache.log4j.builders.rewrite.RewritePolicyBuilder,interface,2,2,0,2,0,1,0,0,0,0.0,-1.0,-1.0,0,0,0,0,0,0,0,0,0,0,0,0,0,0,0,0,0,0,0,2,0,0,0,0,0,0,0,0,0,0,0,0,0,0,5,1,0
C:\Users\jotaa\OneDrive\햞ea de Trabalho\repositorios\logging-log4j2\log4j-1.2-api\src\main\java\org\apache\log4j\spi\LocationInfo.java,org.apache.log4j.spi.LocationInfo,class,0,10,10,0,20,1,0,14,0,0.53571427,0.71428573,0.71428573,7,0,7,0,0,0,7,0,0,0,4,2,2,1,0,1,3,0,4,73,4,1,9,0,0,6,5,27,2,15,5,0,0,0,70,1,0
C:\Users\jotaa\OneDrive\햞ea de Trabalho\repositorios\logging-log4j2\log4j-1.2-api\src\test\java\org\apache\log4j\CustomAppenderSkeleton.java,org.apache.log4j.CustomAppenderSkeleton,class,6,6,0,6,11,2,0,0,6,0.0,0.0,0.0,4,0,3,0,1,0,4,0,0,0,0,0,0,0,0,0,0,0,0,32,1,0,0,0,0,2,0,7,0,7,1,0,0,0,42,1,0
C:\Users\jotaa\OneDrive\햞ea de Trabalho\repositorios\logging-log4j2\log4j-1.2-api\src\test\java\org\apache\log4j\config\Log4j1ConfigurationConverterHadoopTest.java,org.apache.log4j.config.Log4j1ConfigurationConverterHadoopTest,class,3,3,0,3,3,2,0,2,3,0.0,0.0,0.0,3,1,3,0,0,0,3,0,0,0,0,0,0,0,0,0,0,0,1,11,1,0,0,0,0,2,0,0,0,0,0,0,0,0,17,1,0
C:\Users\jotaa\OneDrive\햞ea de Trabalho\repositorios\logging-log4j2\log4j-1.2-api\src\main\java\org\apache\log4j\builders\filter\LevelMatchFilterBuilder.java,org.apache.log4j.builders.filter.LevelMatchFilterBuilder,class,13,14,1,13,10,2,0,22,8,0.6,0.16666667,0.16666667,5,0,4,1,0,0,4,0,0,0,2,2,0,2,0,0,2,0,3,40,3,0,1,0,0,5,0,9,0,9,3,0,0,1,48,1,0
C:\Users\jotaa\OneDrive\햞ea de Trabalho\repositorios\logging-log4j2\log4j-1.2-api\src\main\java\org\apache\log4j\varia\StringMatchFilter.java,org.apache.log4j.varia.StringMatchFilter,class,3,4,1,3,13,2,0,4,0,0.5714286,0.5714286,1.0,7,0,7,0,0,0,7,0,0,0,4,2,2,0,0,2,2,0,1,39,6,0,3,0,0,2,1,8,0,5,1,0,0,0,91,1,0
C:\Users\jotaa\OneDrive\햞ea de Trabalho\repositorios\logging-log4j2\log4j-1.2-api\src\main\java\org\apache\log4j\helpers\UtilLoggingLevel.java,org.apache.log4j.helpers.UtilLoggingLevel,class,2,4,2,2,21,3,0,5,3,0.68888885,0.4,0.4,6,5,5,0,1,0,6,0,0,0,15,15,14,1,0,0,15,0,2,85,20,0,1,0,0,14,15,17,0,17,1,0,0,0,81,1,0
C:\Users\jotaa\OneDrive\햞ea de Trabalho\repositorios\logging-log4j2\log4j-1.2-api\src\main\java\org\apache\log4j\helpers\PatternParser.java,org.apache.log4j.helpers.PatternParser$NamedPatternConverter,innerclass,4,4,0,4,6,2,0,4,1,0.33333334,0.33333334,0.33333334,3,0,1,0,0,2,3,1,0,0,1,0,0,0,0,1,0,0,0,21,3,1,1,0,0,0,6,6,3,5,4,0,0,0,19,1034,0
C:\Users\jotaa\OneDrive\햞ea de Trabalho\repositorios\logging-log4j2\log4j-1.2-api\src\main\java\org\apache\log4j\builders\appender\SocketAppenderBuilder.java,org.apache.log4j.builders.appender.SocketAppenderBuilder,class,15,16,1,15,13,2,0,37,8,0.6666667,0.16666667,0.16666667,5,0,4,1,0,0,4,0,0,0,6,6,1,5,0,0,6,0,3,62,3,0,0,0,0,5,2,16,0,17,3,0,0,1,74,1,0
C:\Users\jotaa\OneDrive\햞ea de Trabalho\repositorios\logging-log4j2\log4j-1.2-api\src\test\java\org\apache\log4j\util\SerializationTestHelper.java,org.apache.log4j.util.SerializationTestHelper,class,3,5,2,3,12,1,0,9,10,0.0,0.0,0.0,5,4,4,1,0,0,4,0,0,0,0,0,0,0,0,0,0,0,1,52,2,1,2,3,2,2,2,14,2,13,3,0,0,0,81,17,0
C:\Users\jotaa\OneDrive\햞ea de Trabalho\repositorios\logging-log4j2\log4j-1.2-api\src\test\java\org\apache\log4j\spi\ThrowableInformationTest.java,org.apache.log4j.spi.ThrowableInformationTest,class,8,8,0,8,12,8,0,17,66,0.0,0.0,0.0,12,0,12,0,0,0,12,0,0,0,0,0,0,0,0,0,0,0,6,167,0,0,0,0,0,26,39,26,1,25,0,0,6,0,97,1,0
C:\Users\jotaa\OneDrive\햞ea de Trabalho\repositorios\logging-log4j2\log4j-1.2-api\src\main\java\org\apache\log4j\jmx\AppenderDynamicMBean.java,org.apache.log4j.jmx.AppenderDynamicMBean,class,12,14,2,12,47,2,0,43,0,0.66249996,0.85714287,1.0,10,0,6,2,1,1,8,0,0,0,8,1,0,8,0,0,8,0,7,179,13,1,12,4,3,56,16,41,17,31,4,0,0,0,103,1,12
C:\Users\jotaa\OneDrive\햞ea de Trabalho\repositorios\logging-log4j2\log4j-1.2-api\src\main\java\org\apache\log4j\MDC.java,org.apache.log4j.MDC$Anonymous1,anonymous,0,0,0,0,3,1,0,0,1,0.0,0.0,0.0,2,0,0,0,2,0,2,0,0,0,0,0,0,0,0,0,0,0,0,8,2,0,1,0,0,0,0,0,0,0,0,0,0,0,5,-1,0
C:\Users\jotaa\OneDrive\햞ea de Trabalho\repositorios\logging-log4j2\log4j-1.2-api\src\test\java\org\apache\log4j\config\XmlReconfigurationTest.java,org.apache.log4j.config.XmlReconfigurationTest,class,9,9,0,9,3,1,0,16,0,0.0,NaN,NaN,1,0,0,0,0,1,1,0,0,0,3,2,0,3,0,0,3,0,5,35,0,0,0,1,0,9,6,10,2,10,2,0,1,0,56,0,1
C:\Users\jotaa\OneDrive\햞ea de Trabalho\repositorios\logging-log4j2\log4j-1.2-api\src\main\java\org\apache\log4j\spi\AppenderAttachable.java,org.apache.log4j.spi.AppenderAttachable,interface,1,4,3,1,7,1,0,0,21,0.0,0.0,0.0,7,0,0,0,0,7,7,0,0,0,0,0,0,0,0,0,0,0,0,9,0,0,0,0,0,0,0,0,0,0,0,0,0,0,39,1,0
C:\Users\jotaa\OneDrive\햞ea de Trabalho\repositorios\logging-log4j2\log4j-1.2-api\src\main\java\org\apache\log4j\helpers\PatternParser.java,org.apache.log4j.helpers.PatternParser$DatePatternConverter,innerclass,4,4,0,4,3,2,0,3,0,0.0,1.0,1.0,2,0,1,0,0,1,2,0,0,0,2,0,0,2,0,0,0,0,1,20,1,0,0,1,0,1,0,4,0,3,1,0,0,0,19,10,1
C:\Users\jotaa\OneDrive\햞ea de Trabalho\repositorios\logging-log4j2\log4j-1.2-api\src\main\java\org\apache\log4j\helpers\PatternParser.java,org.apache.log4j.helpers.PatternParser$MDCPatternConverter,innerclass,3,3,0,3,6,2,0,11,0,0.0,1.0,1.0,2,0,1,0,0,1,2,0,0,0,1,0,0,1,0,0,0,0,1,35,3,1,2,0,0,1,2,6,0,6,3,0,0,0,23,10,0
C:\Users\jotaa\OneDrive\햞ea de Trabalho\repositorios\logging-log4j2\log4j-1.2-api\src\test\java\org\apache\log4j\PriorityTest.java,org.apache.log4j.PriorityTest,class,7,7,0,7,23,1,0,14,253,0.0,0.0,0.0,23,1,0,0,0,23,23,0,0,0,0,0,0,0,0,0,0,0,11,78,1,0,0,0,0,23,7,5,0,5,0,0,0,0,61,0,0
C:\Users\jotaa\OneDrive\햞ea de Trabalho\repositorios\logging-log4j2\log4j-1.2-api\src\test\java\org\apache\log4j\pattern\Log4j1MdcPatternConverterTest.java,org.apache.log4j.pattern.Log4j1MdcPatternConverterTest,class,6,7,1,6,5,1,0,13,10,0.0,0.0,0.0,5,0,0,1,0,4,4,0,0,0,0,0,0,0,0,0,0,0,1,34,0,0,0,0,0,17,4,11,0,11,0,0,0,0,26,0,0
C:\Users\jotaa\OneDrive\햞ea de Trabalho\repositorios\logging-log4j2\log4j-1.2-api\src\main\java\org\apache\log4j\Priority.java,org.apache.log4j.Priority,class,4,33,29,4,20,1,1,5,59,0.9083334,0.1904762,0.34285715,15,5,12,0,2,1,15,0,3,0,16,12,12,0,0,4,12,0,5,72,13,0,4,0,0,6,11,19,0,19,1,0,0,0,151,1,0
C:\Users\jotaa\OneDrive\햞ea de Trabalho\repositorios\logging-log4j2\log4j-1.2-api\src\test\java\org\apache\log4j\CallerInformationTest.java,org.apache.log4j.CallerInformationTest,class,6,6,0,6,4,1,0,10,1,0.0,0.0,0.0,2,0,0,0,0,2,2,0,0,0,0,0,0,0,0,0,0,0,2,28,0,2,0,0,0,18,2,4,0,4,1,0,0,0,33,0,8
C:\Users\jotaa\OneDrive\햞ea de Trabalho\repositorios\logging-log4j2\log4j-1.2-api\src\test\java\org\apache\log4j\builders\filter\LevelRangeFilterBuilderTest.java,org.apache.log4j.builders.filter.LevelRangeFilterBuilderTest$TestLevelRangeFilterFromXmlBuilder,innerclass,11,11,0,11,5,1,0,11,1,0.0,NaN,NaN,2,1,1,1,0,0,1,0,0,0,0,0,0,0,0,0,0,0,5,23,2,0,3,0,1,5,0,4,0,4,1,0,0,0,30,10,0
C:\Users\jotaa\OneDrive\햞ea de Trabalho\repositorios\logging-log4j2\log4j-1.2-api\src\test\java\org\apache\log4j\helpers\LogLogTest.java,org.apache.log4j.helpers.LogLogTest,class,1,1,0,1,3,2,0,1,3,0.0,0.0,0.0,3,0,3,0,0,0,3,0,0,0,0,0,0,0,0,0,0,0,0,11,0,0,0,0,0,2,0,0,0,0,0,0,0,0,21,1,0
C:\Users\jotaa\OneDrive\햞ea de Trabalho\repositorios\logging-log4j2\log4j-1.2-api\src\main\java\org\apache\log4j\FileAppender.java,org.apache.log4j.FileAppender,class,7,11,4,7,29,3,2,19,64,0.70588243,0.2647059,0.5735294,17,0,14,0,3,0,17,0,0,1,4,0,0,0,4,0,0,0,6,119,4,0,3,3,0,13,2,25,5,9,3,0,0,0,186,1,6
C:\Users\jotaa\OneDrive\햞ea de Trabalho\repositorios\logging-log4j2\log4j-1.2-api\src\main\java\org\apache\log4j\config\PropertySetterException.java,org.apache.log4j.config.PropertySetterException,class,0,1,1,0,5,3,0,1,1,0.6666667,0.33333334,0.33333334,3,0,3,0,0,0,3,0,0,0,2,1,0,1,1,0,1,0,0,17,1,0,2,0,0,0,1,4,0,3,1,0,0,0,44,1,0
C:\Users\jotaa\OneDrive\햞ea de Trabalho\repositorios\logging-log4j2\log4j-1.2-api\src\main\java\org\apache\log4j\LogManager.java,org.apache.log4j.LogManager,class,11,41,30,11,37,1,0,36,229,0.9805195,0.0,0.0,22,22,10,1,0,11,22,0,0,0,7,7,4,2,0,1,6,0,31,112,17,0,11,1,0,9,8,19,0,18,1,0,0,1,102,17,0
C:\Users\jotaa\OneDrive\햞ea de Trabalho\repositorios\logging-log4j2\log4j-1.2-api\src\test\java\org\apache\log4j\layout\Log4j1SyslogLayoutTest.java,org.apache.log4j.layout.Log4j1SyslogLayoutTest,class,13,14,1,13,3,1,0,29,3,0.6666667,0.0,0.0,3,2,0,1,0,2,2,0,0,0,3,3,0,3,0,0,3,0,6,30,3,0,0,0,0,7,9,11,0,10,1,0,0,1,42,0,0
C:\Users\jotaa\OneDrive\햞ea de Trabalho\repositorios\logging-log4j2\log4j-1.2-api\src\main\java\org\apache\log4j\builders\filter\DenyAllFilterBuilder.java,org.apache.log4j.builders.filter.DenyAllFilterBuilder,class,7,7,0,7,2,1,0,2,1,0.0,0.0,0.0,2,0,2,0,0,0,2,0,0,0,0,0,0,0,0,0,0,0,0,8,2,0,0,0,0,1,0,0,0,0,0,0,0,0,24,1,0
C:\Users\jotaa\OneDrive\햞ea de Trabalho\repositorios\logging-log4j2\log4j-1.2-api\src\main\java\org\apache\log4j\xml\XmlConfiguration.java,org.apache.log4j.xml.XmlConfiguration$ConsumerException,innerclass,0,0,0,0,1,4,0,0,0,0.0,NaN,NaN,1,0,0,0,0,1,1,0,0,0,0,0,0,0,0,0,0,0,0,5,0,0,0,0,0,0,0,0,0,0,0,0,0,0,4,10,0
C:\Users\jotaa\OneDrive\햞ea de Trabalho\repositorios\logging-log4j2\log4j-1.2-api\src\main\java\org\apache\log4j\bridge\AppenderAdapter.java,org.apache.log4j.bridge.AppenderAdapter$Adapter,innerclass,7,7,0,7,4,2,0,2,6,0.0,0.0,0.0,4,0,3,0,1,0,4,0,0,0,0,0,0,0,0,0,0,0,0,14,1,0,0,0,0,0,0,0,0,0,0,0,0,0,13,1,0
C:\Users\jotaa\OneDrive\햞ea de Trabalho\repositorios\logging-log4j2\log4j-1.2-api\src\test\java\org\apache\log4j\builders\layout\PatternLayoutBuilderTest.java,org.apache.log4j.builders.layout.PatternLayoutBuilderTest,class,5,5,0,5,2,1,0,6,1,0.0,0.0,0.0,2,1,0,0,0,2,2,0,0,0,0,0,0,0,0,0,0,0,1,10,1,0,0,0,0,25,0,2,0,2,0,0,0,0,13,0,0
C:\Users\jotaa\OneDrive\햞ea de Trabalho\repositorios\logging-log4j2\log4j-1.2-api\src\test\java\org\apache\log4j\MDCTestCase.java,org.apache.log4j.MDCTestCase,class,4,4,0,4,4,1,0,7,6,0.0,0.0,0.0,4,0,0,0,0,4,4,0,0,0,0,0,0,0,0,0,0,0,7,17,0,0,0,0,0,7,1,0,0,0,0,0,0,0,16,0,0
C:\Users\jotaa\OneDrive\햞ea de Trabalho\repositorios\logging-log4j2\log4j-1.2-api\src\test\java\org\apache\log4j\config\NeutralFilterFixture.java,org.apache.log4j.config.NeutralFilterFixture,class,2,3,1,2,1,2,0,0,0,0.0,NaN,NaN,1,0,1,0,0,0,1,0,0,0,0,0,0,0,0,0,0,0,0,5,1,0,0,0,0,0,0,0,0,0,0,0,0,0,23,1,0
C:\Users\jotaa\OneDrive\햞ea de Trabalho\repositorios\logging-log4j2\log4j-1.2-api\src\main\java\org\apache\log4j\pattern\Log4j1MdcPatternConverter.java,org.apache.log4j.pattern.Log4j1MdcPatternConverter,class,6,8,2,6,9,2,0,6,1,0.5,0.0,0.0,3,1,2,1,0,0,2,0,0,0,2,1,0,2,0,0,1,0,0,29,1,0,4,0,0,5,4,4,1,6,2,0,0,1,60,17,0
C:\Users\jotaa\OneDrive\햞ea de Trabalho\repositorios\logging-log4j2\log4j-1.2-api\src\main\java\org\apache\log4j\bridge\RewritePolicyAdapter.java,org.apache.log4j.bridge.RewritePolicyAdapter,class,6,7,1,6,4,1,0,2,0,0.0,1.0,1.0,3,0,3,0,0,0,3,0,0,0,1,0,0,1,0,0,1,0,0,13,2,0,0,0,1,0,0,2,0,2,0,0,0,0,17,1,0
C:\Users\jotaa\OneDrive\햞ea de Trabalho\repositorios\logging-log4j2\log4j-1.2-api\src\test\java\org\apache\log4j\config\TestConfigurator.java,org.apache.log4j.config.TestConfigurator,class,5,13,8,5,3,1,0,9,0,0.0,NaN,NaN,1,1,1,0,0,0,1,0,0,0,0,0,0,0,0,0,0,0,2,22,1,0,0,1,0,2,0,7,1,5,2,0,0,0,33,1,0
C:\Users\jotaa\OneDrive\햞ea de Trabalho\repositorios\logging-log4j2\log4j-1.2-api\src\main\java\org\apache\log4j\DefaultCategoryFactory.java,org.apache.log4j.DefaultCategoryFactory,class,2,4,2,2,2,1,0,0,1,0.0,0.0,0.0,2,0,1,0,0,1,2,0,0,0,0,0,0,0,0,0,0,0,0,7,1,0,0,0,0,0,0,0,0,0,0,0,0,0,8,0,0
C:\Users\jotaa\OneDrive\햞ea de Trabalho\repositorios\logging-log4j2\log4j-1.2-api\src\test\java\org\apache\log4j\ListAppender.java,org.apache.log4j.ListAppender,class,4,18,14,4,10,2,0,14,13,0.7619047,0.1904762,0.2857143,7,0,6,0,1,0,7,0,0,0,3,1,0,2,0,1,3,0,5,35,5,0,2,0,0,2,0,5,0,5,2,0,0,1,68,1,0
C:\Users\jotaa\OneDrive\햞ea de Trabalho\repositorios\logging-log4j2\log4j-1.2-api\src\main\java\org\apache\log4j\or\RendererMap.java,org.apache.log4j.or.RendererMap,class,5,9,4,5,19,1,0,15,14,0.6111111,0.30555555,0.41666666,9,1,8,0,0,1,9,0,0,0,2,1,0,0,0,2,0,0,1,63,12,2,8,1,0,7,1,13,3,9,2,0,0,0,153,1,3
C:\Users\jotaa\OneDrive\햞ea de Trabalho\repositorios\logging-log4j2\log4j-1.2-api\src\test\java\org\apache\log4j\CustomNoopAppender.java,org.apache.log4j.CustomNoopAppender,class,2,3,1,2,9,2,0,0,30,0.77777785,0.083333336,0.083333336,9,0,8,0,1,0,9,0,0,0,3,0,0,3,0,0,0,0,0,30,4,0,0,0,0,0,0,3,0,3,0,0,0,0,21,1,0
C:\Users\jotaa\OneDrive\햞ea de Trabalho\repositorios\logging-log4j2\log4j-1.2-api\src\test\java\org\apache\log4j\builders\filter\LevelRangeFilterBuilderTest.java,org.apache.log4j.builders.filter.LevelRangeFilterBuilderTest$TestLevelRangeFilterFromPropertyBuilder,innerclass,7,7,0,7,4,1,0,5,0,0.0,NaN,NaN,1,0,1,0,0,0,1,0,0,0,0,0,0,0,0,0,0,0,0,18,1,0,3,0,1,4,0,4,0,4,1,0,0,0,22,10,0
C:\Users\jotaa\OneDrive\햞ea de Trabalho\repositorios\logging-log4j2\log4j-1.2-api\src\main\java\org\apache\log4j\helpers\OptionConverter.java,org.apache.log4j.helpers.OptionConverter$CharMap,innerclass,0,0,0,0,1,1,0,0,0,0.0,NaN,NaN,1,0,1,0,0,0,1,0,0,0,2,0,0,0,0,2,2,0,0,8,0,0,0,0,0,0,0,2,0,2,0,0,0,0,4,10,0
C:\Users\jotaa\OneDrive\햞ea de Trabalho\repositorios\logging-log4j2\log4j-1.2-api\src\main\java\org\apache\log4j\builders\appender\RewriteAppenderBuilder.java,org.apache.log4j.builders.appender.RewriteAppenderBuilder,class,22,23,1,22,17,2,0,33,8,0.70000005,0.0,0.0,5,0,4,1,0,0,4,0,0,0,2,2,0,2,0,0,2,0,4,81,6,1,5,0,1,7,2,23,1,22,3,0,0,1,70,1,3
C:\Users\jotaa\OneDrive\햞ea de Trabalho\repositorios\logging-log4j2\log4j-1.2-api\src\test\java\org\apache\log4j\builders\Log4j2ListAppenderBuilder.java,org.apache.log4j.builders.Log4j2ListAppenderBuilder,class,13,14,1,13,7,2,0,20,10,0.0,0.0,0.0,5,0,4,1,0,0,4,0,0,0,0,0,0,0,0,0,0,0,3,34,3,0,0,0,0,1,0,6,0,7,2,0,0,1,42,1,0
C:\Users\jotaa\OneDrive\햞ea de Trabalho\repositorios\logging-log4j2\log4j-1.2-api\src\test\java\org\apache\log4j\spi\ThrowableInformationTest.java,org.apache.log4j.spi.ThrowableInformationTest$EmptyThrowable,innerclass,0,0,0,0,2,2,0,0,1,1.0,0.0,0.0,2,0,2,0,0,0,2,0,0,0,1,1,0,1,0,0,1,0,0,7,0,0,0,0,0,0,1,1,0,1,0,0,0,0,23,26,0
C:\Users\jotaa\OneDrive\햞ea de Trabalho\repositorios\logging-log4j2\log4j-1.2-api\src\main\java\org\apache\log4j\pattern\Log4j1NdcPatternConverter.java,org.apache.log4j.pattern.Log4j1NdcPatternConverter,class,5,7,2,5,3,2,0,4,3,0.6666667,0.0,0.0,3,1,2,1,0,0,2,0,0,0,1,1,0,1,0,0,1,0,0,13,1,0,0,0,0,4,0,2,0,2,0,0,0,0,36,17,0
C:\Users\jotaa\OneDrive\햞ea de Trabalho\repositorios\logging-log4j2\log4j-1.2-api\src\test\java\org\apache\log4j\LoggerTest.java,org.apache.log4j.LoggerTest,class,21,22,1,21,18,2,0,58,100,0.85714287,0.083333336,0.108333334,16,2,0,0,0,16,16,0,0,0,7,5,0,0,0,7,0,0,49,326,0,2,0,6,20,66,31,80,1,68,1,0,2,0,108,0,16
C:\Users\jotaa\OneDrive\햞ea de Trabalho\repositorios\logging-log4j2\log4j-1.2-api\src\main\java\org\apache\log4j\NDC.java,org.apache.log4j.NDC,class,0,2,2,0,12,1,0,11,55,0.0,0.0,0.0,11,10,10,1,0,0,10,0,0,0,0,0,0,0,0,0,0,0,0,38,5,1,0,0,0,3,0,1,0,1,1,0,0,0,205,17,0
C:\Users\jotaa\OneDrive\햞ea de Trabalho\repositorios\logging-log4j2\log4j-1.2-api\src\main\java\org\apache\log4j\jmx\AbstractDynamicMBean.java,org.apache.log4j.jmx.AbstractDynamicMBean,class,4,9,5,4,24,1,4,20,18,0.6296297,0.11111111,0.11111111,9,1,6,0,3,0,9,1,0,0,3,0,0,1,0,2,1,0,0,90,6,3,5,3,2,10,2,12,5,12,2,0,0,0,93,1025,5
C:\Users\jotaa\OneDrive\햞ea de Trabalho\repositorios\logging-log4j2\log4j-1.2-api\src\main\java\org\apache\log4j\or\jms\MessageRenderer.java,org.apache.log4j.or.jms.MessageRenderer,class,3,3,0,3,5,1,0,16,0,0.0,NaN,NaN,1,0,1,0,0,0,1,0,0,0,1,1,0,1,0,0,1,0,0,45,2,0,0,1,0,14,0,3,0,3,3,0,0,0,36,1,1
C:\Users\jotaa\OneDrive\햞ea de Trabalho\repositorios\logging-log4j2\log4j-1.2-api\src\test\java\org\apache\log4j\spi\LocationInfoTest.java,org.apache.log4j.spi.LocationInfoTest$NameSubstring,innerclass,2,2,0,2,1,1,0,1,0,0.0,NaN,NaN,1,1,1,0,0,0,1,0,0,0,0,0,0,0,0,0,0,0,0,5,1,0,0,0,0,0,0,0,0,0,0,0,0,0,21,10,0
C:\Users\jotaa\OneDrive\햞ea de Trabalho\repositorios\logging-log4j2\log4j-1.2-api\src\test\java\org\apache\log4j\config\Log4j1ConfigurationConverterSparkTest.java,org.apache.log4j.config.Log4j1ConfigurationConverterSparkTest,class,3,3,0,3,3,2,0,2,3,0.0,0.0,0.0,3,1,3,0,0,0,3,0,0,0,0,0,0,0,0,0,0,0,1,11,1,0,0,0,0,2,0,0,0,0,0,0,0,0,17,1,0
C:\Users\jotaa\OneDrive\햞ea de Trabalho\repositorios\logging-log4j2\log4j-1.2-api\src\test\java\org\apache\log4j\pattern\FormattingInfoTest.java,org.apache.log4j.pattern.FormattingInfoTest,class,2,2,0,2,6,2,0,10,15,0.0,0.0,0.0,6,0,6,0,0,0,6,0,0,0,0,0,0,0,0,0,0,0,1,37,0,0,0,0,0,6,14,8,0,8,0,0,0,0,46,1,0
C:\Users\jotaa\OneDrive\햞ea de Trabalho\repositorios\logging-log4j2\log4j-1.2-api\src\main\java\org\apache\log4j\config\InputStreamWrapper.java,org.apache.log4j.config.InputStreamWrapper,class,1,3,2,1,13,2,0,13,0,0.42307693,1.0,1.0,13,0,13,0,0,0,13,0,0,2,2,0,0,2,0,0,2,0,0,44,9,0,0,0,0,3,0,2,1,2,0,0,0,0,28,0,0
C:\Users\jotaa\OneDrive\햞ea de Trabalho\repositorios\logging-log4j2\log4j-1.2-api\src\test\java\org\apache\log4j\LayoutTest.java,org.apache.log4j.LayoutTest,class,6,8,2,6,10,3,1,10,27,0.7,0.2,0.33333334,10,0,8,0,2,0,10,0,0,0,4,0,0,4,0,0,4,0,2,57,1,0,0,0,0,6,0,11,0,7,0,0,1,0,48,1,0
C:\Users\jotaa\OneDrive\햞ea de Trabalho\repositorios\logging-log4j2\log4j-1.2-api\src\test\java\org\apache\log4j\spi\ThrowableInformationTest.java,org.apache.log4j.spi.ThrowableInformationTest$NullThrowable,innerclass,0,0,0,0,2,2,0,4,1,1.0,0.0,0.0,2,0,2,0,0,0,2,0,0,0,1,1,0,1,0,0,1,0,0,11,0,0,0,0,0,0,1,1,0,1,0,0,0,0,27,26,0
C:\Users\jotaa\OneDrive\햞ea de Trabalho\repositorios\logging-log4j2\log4j-1.2-api\src\test\java\org\apache\log4j\NDCTest.java,org.apache.log4j.NDCTest,class,2,2,0,2,3,1,0,6,3,0.0,0.0,0.0,3,0,0,0,0,3,3,0,0,0,0,0,0,0,0,0,0,0,10,17,0,0,0,0,0,1,0,2,0,2,0,0,0,0,18,0,0
C:\Users\jotaa\OneDrive\햞ea de Trabalho\repositorios\logging-log4j2\log4j-1.2-api\src\main\java\org\apache\log4j\builders\filter\StringMatchFilterBuilder.java,org.apache.log4j.builders.filter.StringMatchFilterBuilder,class,11,12,1,11,10,2,0,22,8,0.6666667,0.16666667,0.16666667,5,0,4,1,0,0,4,0,0,0,3,3,0,3,0,0,3,0,2,42,4,0,1,0,0,6,0,8,0,9,3,0,0,1,50,1,1
C:\Users\jotaa\OneDrive\햞ea de Trabalho\repositorios\logging-log4j2\log4j-1.2-api\src\main\java\org\apache\log4j\helpers\PatternParser.java,org.apache.log4j.helpers.PatternParser$LocationPatternConverter,innerclass,4,4,0,4,6,2,0,4,0,0.0,1.0,1.0,2,0,1,0,0,1,2,0,0,0,1,0,0,0,0,1,0,0,0,22,5,0,0,0,0,0,0,2,0,2,1,0,0,0,13,2,0
C:\Users\jotaa\OneDrive\햞ea de Trabalho\repositorios\logging-log4j2\log4j-1.2-api\src\test\java\org\apache\log4j\layout\Log4j1XmlLayoutTest.java,org.apache.log4j.layout.Log4j1XmlLayoutTest,class,6,6,0,6,2,1,0,16,1,0.0,0.0,0.0,2,0,0,0,0,2,2,0,0,0,0,0,0,0,0,0,0,0,4,19,0,0,0,0,0,24,4,9,4,9,0,0,0,0,39,0,0
C:\Users\jotaa\OneDrive\햞ea de Trabalho\repositorios\logging-log4j2\log4j-1.2-api\src\main\java\org\apache\log4j\CategoryKey.java,org.apache.log4j.CategoryKey,class,1,2,1,1,6,1,0,3,0,0.33333334,0.6666667,1.0,3,0,2,0,0,1,3,0,2,0,2,0,0,0,0,2,0,0,0,22,4,0,3,0,1,0,0,2,0,2,1,0,0,0,23,0,0
C:\Users\jotaa\OneDrive\햞ea de Trabalho\repositorios\logging-log4j2\log4j-1.2-api\src\main\java\org\apache\log4j\builders\filter\FilterBuilder.java,org.apache.log4j.builders.filter.FilterBuilder,interface,2,6,4,2,0,1,0,0,0,0.0,-1.0,-1.0,0,0,0,0,0,0,0,0,0,0,0,0,0,0,0,0,0,0,0,2,0,0,0,0,0,0,0,0,0,0,0,0,0,0,4,1,0
C:\Users\jotaa\OneDrive\햞ea de Trabalho\repositorios\logging-log4j2\log4j-1.2-api\src\main\java\org\apache\log4j\WriterAppender.java,org.apache.log4j.WriterAppender,class,7,11,4,7,44,2,3,24,140,0.7976191,0.16666667,0.1904762,21,0,13,0,8,0,21,0,0,3,4,1,0,1,3,0,1,0,1,146,11,1,14,2,0,8,1,18,3,11,3,0,0,0,230,1,6
C:\Users\jotaa\OneDrive\햞ea de Trabalho\repositorios\logging-log4j2\log4j-1.2-api\src\test\java\org\apache\log4j\config\XmlConfigurationFactoryTest.java,org.apache.log4j.config.XmlConfigurationFactoryTest,class,5,5,0,5,4,1,0,6,1,0.0,0.0,0.0,2,1,0,0,0,2,2,0,0,0,0,0,0,0,0,0,0,0,2,15,0,0,0,0,0,9,2,3,0,2,0,0,0,0,29,0,1
C:\Users\jotaa\OneDrive\햞ea de Trabalho\repositorios\logging-log4j2\log4j-1.2-api\src\main\java\org\apache\log4j\varia\DenyAllFilter.java,org.apache.log4j.varia.DenyAllFilter,class,2,2,0,2,3,2,0,0,3,0.0,0.0,0.0,3,0,3,0,0,0,3,0,0,0,0,0,0,0,0,0,0,0,0,10,2,0,0,0,0,0,0,0,0,0,0,0,0,0,63,1,0
C:\Users\jotaa\OneDrive\햞ea de Trabalho\repositorios\logging-log4j2\log4j-1.2-api\src\main\java\org\apache\log4j\helpers\DateLayout.java,org.apache.log4j.helpers.DateLayout,class,7,10,3,7,22,2,2,10,3,0.76666665,0.46666667,1.0,10,0,10,0,0,0,10,0,0,0,9,4,4,2,3,0,4,0,2,79,4,0,5,0,0,4,1,18,0,9,1,0,0,0,116,1025,0
C:\Users\jotaa\OneDrive\햞ea de Trabalho\repositorios\logging-log4j2\log4j-1.2-api\src\main\java\org\apache\log4j\xml\XmlConfigurationFactory.java,org.apache.log4j.xml.XmlConfigurationFactory,class,8,12,4,8,6,2,0,4,10,0.84999996,0.0,0.0,5,0,1,0,4,0,5,0,0,0,4,4,1,1,2,0,4,0,0,25,6,0,0,0,0,4,2,5,0,5,1,0,0,0,47,1,0
C:\Users\jotaa\OneDrive\햞ea de Trabalho\repositorios\logging-log4j2\log4j-1.2-api\src\main\java\org\apache\log4j\bridge\FilterWrapper.java,org.apache.log4j.bridge.FilterWrapper,class,5,16,11,5,7,2,0,1,0,0.25,0.5,0.5,4,1,4,0,0,0,4,0,0,0,1,0,0,1,0,0,1,0,0,24,6,0,1,0,1,0,1,1,0,1,1,0,0,0,41,1,0
C:\Users\jotaa\OneDrive\햞ea de Trabalho\repositorios\logging-log4j2\log4j-1.2-api\src\test\java\org\apache\log4j\config\RewriteAppenderTest.java,org.apache.log4j.config.RewriteAppenderTest,class,12,12,0,12,7,1,0,24,3,0.0,0.0,0.0,3,1,0,0,0,3,3,0,0,0,0,0,0,0,0,0,0,0,3,31,0,1,1,0,1,17,4,8,0,7,2,0,0,0,40,0,1
C:\Users\jotaa\OneDrive\햞ea de Trabalho\repositorios\logging-log4j2\log4j-1.2-api\src\main\java\org\apache\log4j\builders\layout\SimpleLayoutBuilder.java,org.apache.log4j.builders.layout.SimpleLayoutBuilder,class,7,7,0,7,2,1,0,4,1,0.0,0.0,0.0,2,0,2,0,0,0,2,0,0,0,0,0,0,0,0,0,0,0,0,8,2,0,0,0,0,3,0,0,0,0,0,0,0,0,22,1,0
C:\Users\jotaa\OneDrive\햞ea de Trabalho\repositorios\logging-log4j2\log4j-1.2-api\src\main\java\org\apache\log4j\helpers\Loader.java,org.apache.log4j.helpers.Loader,class,3,4,1,3,15,1,0,13,8,0.70000005,0.1,0.1,5,5,4,1,0,0,5,0,0,0,2,2,0,1,0,1,1,0,13,59,9,0,5,2,0,10,0,9,3,5,4,0,0,0,80,1,4
C:\Users\jotaa\OneDrive\햞ea de Trabalho\repositorios\logging-log4j2\log4j-1.2-api\src\main\java\org\apache\log4j\spi\NOPLoggerRepository.java,org.apache.log4j.spi.NOPLoggerRepository,class,9,12,3,9,15,1,0,2,105,0.0,0.0,0.0,15,0,15,0,0,0,15,0,0,0,0,0,0,0,0,0,0,0,0,40,8,0,0,0,0,1,0,0,0,0,0,0,0,0,50,17,0
C:\Users\jotaa\OneDrive\햞ea de Trabalho\repositorios\logging-log4j2\log4j-1.2-api\src\main\java\org\apache\log4j\ProvisionNode.java,org.apache.log4j.ProvisionNode,class,1,1,0,1,1,4,0,1,0,1.0,NaN,NaN,1,0,0,0,0,1,1,0,0,0,1,1,0,1,0,0,1,0,0,7,0,0,0,0,0,0,1,1,0,1,0,0,0,0,12,0,0
C:\Users\jotaa\OneDrive\햞ea de Trabalho\repositorios\logging-log4j2\log4j-1.2-api\src\test\java\org\apache\log4j\PropertyConfiguratorTest.java,org.apache.log4j.PropertyConfiguratorTest$RollingFileAppender,innerclass,4,4,0,4,10,2,0,0,35,0.76666665,0.11111111,0.11111111,10,0,10,0,0,0,10,0,0,0,3,0,0,3,0,0,0,0,0,32,4,0,0,0,0,0,0,3,0,3,0,0,0,0,26,25,0
C:\Users\jotaa\OneDrive\햞ea de Trabalho\repositorios\logging-log4j2\log4j-1.2-api\src\test\java\org\apache\log4j\BasicConfigurationFactory.java,org.apache.log4j.BasicConfigurationFactory,class,6,8,2,6,3,3,0,0,3,0.0,0.0,0.0,3,0,3,0,0,0,3,0,0,0,0,0,0,0,0,0,0,0,0,25,3,0,0,0,0,1,0,0,0,0,0,0,1,0,16,1,0
C:\Users\jotaa\OneDrive\햞ea de Trabalho\repositorios\logging-log4j2\log4j-1.2-api\src\test\java\org\apache\log4j\config\PropertiesConfigurationFactoryTest.java,org.apache.log4j.config.PropertiesConfigurationFactoryTest,class,5,5,0,5,4,1,0,6,1,0.0,0.0,0.0,2,1,0,0,0,2,2,0,0,0,0,0,0,0,0,0,0,0,2,15,0,0,0,0,0,9,2,3,0,2,0,0,0,0,26,0,1
C:\Users\jotaa\OneDrive\햞ea de Trabalho\repositorios\logging-log4j2\log4j-1.2-api\src\main\java\org\apache\log4j\helpers\FileWatchdog.java,org.apache.log4j.helpers.FileWatchdog,class,3,8,5,3,11,2,3,8,4,0.71428573,0.3,0.6,5,0,2,0,3,0,5,1,0,0,7,1,1,0,2,4,1,0,3,55,1,1,0,2,0,7,1,11,2,9,2,0,0,0,77,1025,2
C:\Users\jotaa\OneDrive\햞ea de Trabalho\repositorios\logging-log4j2\log4j-1.2-api\src\test\java\org\apache\log4j\config\PropertiesRollingWithPropertiesTest.java,org.apache.log4j.config.PropertiesRollingWithPropertiesTest,class,6,7,1,6,3,1,0,9,0,0.0,1.0,1.0,2,1,0,0,0,2,2,0,0,0,1,1,0,1,0,0,1,0,7,15,0,0,0,0,0,9,1,3,1,3,0,0,0,0,34,0,1
C:\Users\jotaa\OneDrive\햞ea de Trabalho\repositorios\logging-log4j2\log4j-1.2-api\src\main\java\org\apache\log4j\rewrite\RewritePolicy.java,org.apache.log4j.rewrite.RewritePolicy,interface,1,9,8,1,1,1,0,0,0,0.0,NaN,NaN,1,0,0,0,0,1,1,0,0,0,0,0,0,0,0,0,0,0,0,3,0,0,0,0,0,0,0,0,0,0,0,0,0,0,31,1,0
C:\Users\jotaa\OneDrive\햞ea de Trabalho\repositorios\logging-log4j2\log4j-1.2-api\src\main\java\org\apache\log4j\jmx\MethodUnion.java,org.apache.log4j.jmx.MethodUnion,class,0,2,2,0,1,1,0,0,0,0.0,NaN,NaN,1,0,0,0,0,1,1,0,0,0,2,0,0,0,0,2,0,0,0,8,0,0,0,0,0,0,0,2,0,2,0,0,0,0,4,0,0
C:\Users\jotaa\OneDrive\햞ea de Trabalho\repositorios\logging-log4j2\log4j-1.2-api\src\main\java\org\apache\log4j\builders\rolling\SizeBasedTriggeringPolicyBuilder.java,org.apache.log4j.builders.rolling.SizeBasedTriggeringPolicyBuilder,class,10,11,1,10,7,2,0,10,8,0.6,0.16666667,0.16666667,5,0,4,1,0,0,4,0,0,0,2,2,0,2,0,0,2,0,2,33,3,0,0,0,0,2,3,4,1,5,3,0,0,1,45,1,0
C:\Users\jotaa\OneDrive\햞ea de Trabalho\repositorios\logging-log4j2\log4j-1.2-api\src\main\java\org\apache\log4j\config\PropertiesConfiguration.java,org.apache.log4j.config.PropertiesConfiguration$NameValue,innerclass,0,0,0,0,2,1,0,0,0,0.0,1.0,1.0,2,0,1,0,0,1,2,0,0,0,1,0,0,0,0,1,0,0,0,10,1,0,0,0,0,1,0,2,1,2,0,0,0,0,6,10,0
C:\Users\jotaa\OneDrive\햞ea de Trabalho\repositorios\logging-log4j2\log4j-1.2-api\src\main\java\org\apache\log4j\MDC.java,org.apache.log4j.MDC,class,0,3,3,0,7,1,0,9,0,0.14285715,1.0,1.0,7,6,6,1,0,0,6,0,0,0,1,1,0,1,0,0,1,0,0,35,2,0,0,0,0,0,0,1,0,1,0,1,0,0,36,17,0
C:\Users\jotaa\OneDrive\햞ea de Trabalho\repositorios\logging-log4j2\log4j-1.2-api\src\main\java\org\apache\log4j\helpers\PatternParser.java,org.apache.log4j.helpers.PatternParser$LiteralPatternConverter,innerclass,2,2,0,2,3,2,0,1,0,0.0,1.0,1.0,3,0,2,0,0,1,3,0,1,0,1,0,0,1,0,0,0,0,0,12,1,0,0,0,0,0,0,1,0,1,0,0,0,0,12,10,0
C:\Users\jotaa\OneDrive\햞ea de Trabalho\repositorios\logging-log4j2\log4j-1.2-api\src\main\java\org\apache\log4j\layout\Log4j1XmlLayout.java,org.apache.log4j.layout.Log4j1XmlLayout,class,9,14,5,9,14,2,0,34,3,0.5714286,0.2,0.3,7,1,5,2,0,0,5,0,0,0,3,1,0,3,0,0,3,0,1,98,4,0,3,0,0,29,0,10,0,12,4,0,0,1,88,17,0
C:\Users\jotaa\OneDrive\햞ea de Trabalho\repositorios\logging-log4j2\log4j-1.2-api\src\main\java\org\apache\log4j\builders\rolling\TimeBasedRollingPolicyBuilder.java,org.apache.log4j.builders.rolling.TimeBasedRollingPolicyBuilder,class,9,10,1,9,5,2,0,3,10,0.0,0.0,0.0,5,0,4,1,0,0,4,0,0,0,0,0,0,0,0,0,0,0,0,17,3,0,0,0,0,1,0,0,0,0,0,0,0,0,23,1,0
C:\Users\jotaa\OneDrive\햞ea de Trabalho\repositorios\logging-log4j2\log4j-1.2-api\src\main\java\org\apache\log4j\bridge\LogEventWrapper.java,org.apache.log4j.bridge.LogEventWrapper$ContextDataMap,innerclass,6,6,0,6,7,3,0,5,15,0.0,0.0,0.0,6,0,5,0,0,1,6,0,0,0,0,0,0,0,0,0,0,0,0,22,3,0,1,0,0,0,0,0,0,4,1,0,0,2,21,10,0
C:\Users\jotaa\OneDrive\햞ea de Trabalho\repositorios\logging-log4j2\log4j-1.2-api\src\main\java\org\apache\log4j\spi\RootLogger.java,org.apache.log4j.spi.RootLogger,class,5,8,3,5,4,3,0,4,3,0.0,0.0,0.0,3,0,3,0,0,0,3,0,2,0,0,0,0,0,0,0,0,0,1,17,1,0,1,0,0,2,0,0,0,0,1,0,0,0,55,17,1
C:\Users\jotaa\OneDrive\햞ea de Trabalho\repositorios\logging-log4j2\log4j-1.2-api\src\test\java\org\apache\log4j\CategoryTest.java,org.apache.log4j.CategoryTest$Anonymous1,anonymous,0,0,0,0,4,1,0,2,6,0.0,0.0,0.0,4,0,4,0,0,0,4,0,0,0,0,0,0,0,0,0,0,0,0,14,4,0,0,0,0,3,1,0,0,0,0,0,0,0,10,-1,0
C:\Users\jotaa\OneDrive\햞ea de Trabalho\repositorios\logging-log4j2\log4j-1.2-api\src\test\java\org\apache\log4j\helpers\CyclicBufferTestCase.java,org.apache.log4j.helpers.CyclicBufferTestCase,class,7,8,1,7,18,2,0,13,16,0.7083333,0.083333336,0.083333336,8,1,6,0,0,2,9,0,0,0,3,3,0,0,0,3,0,0,4,88,1,8,0,0,3,6,45,25,21,19,2,0,0,0,45,1,0
C:\Users\jotaa\OneDrive\햞ea de Trabalho\repositorios\logging-log4j2\log4j-1.2-api\src\main\java\org\apache\log4j\xml\XmlConfiguration.java,org.apache.log4j.xml.XmlConfiguration$Anonymous1,anonymous,3,3,0,3,2,1,0,5,1,0.0,0.0,0.0,2,0,2,0,0,0,2,0,0,0,0,0,0,0,0,0,0,0,0,10,2,0,0,0,0,4,0,1,0,1,0,0,0,0,20,-1,0
C:\Users\jotaa\OneDrive\햞ea de Trabalho\repositorios\logging-log4j2\log4j-1.2-api\src\main\java\org\apache\log4j\xml\XmlConfiguration.java,org.apache.log4j.xml.XmlConfiguration$ParseAction,interface,1,1,0,1,1,1,0,0,0,0.0,NaN,NaN,1,0,0,0,0,1,1,0,0,0,0,0,0,0,0,0,0,0,0,3,0,0,0,0,0,0,0,0,0,0,0,0,0,0,9,2,0
C:\Users\jotaa\OneDrive\햞ea de Trabalho\repositorios\logging-log4j2\log4j-1.2-api\src\main\java\org\apache\log4j\spi\ErrorHandler.java,org.apache.log4j.spi.ErrorHandler,interface,3,20,17,3,6,1,0,0,15,0.0,0.0,0.0,6,0,0,0,0,6,6,0,0,0,0,0,0,0,0,0,0,0,0,8,0,0,0,0,0,0,0,0,0,0,0,0,0,0,87,1,0
C:\Users\jotaa\OneDrive\햞ea de Trabalho\repositorios\logging-log4j2\log4j-1.2-api\src\main\java\org\apache\log4j\bridge\AppenderAdapter.java,org.apache.log4j.bridge.AppenderAdapter,class,8,13,5,8,7,2,0,8,0,0.33333334,0.0,0.0,3,1,2,1,0,0,2,0,0,0,2,0,0,2,0,0,2,0,2,42,5,0,1,0,1,1,0,5,0,4,1,0,1,0,28,17,0
C:\Users\jotaa\OneDrive\햞ea de Trabalho\repositorios\logging-log4j2\log4j-1.2-api\src\main\java\org\apache\log4j\spi\RendererSupport.java,org.apache.log4j.spi.RendererSupport,interface,2,5,3,2,2,1,0,0,1,0.0,0.0,0.0,2,0,2,0,0,0,2,0,0,0,0,0,0,0,0,0,0,0,0,4,0,0,0,0,0,0,0,0,0,0,0,0,0,0,8,1,0
C:\Users\jotaa\OneDrive\햞ea de Trabalho\repositorios\logging-log4j2\log4j-1.2-api\src\main\java\org\apache\log4j\pattern\NameAbbreviator.java,org.apache.log4j.pattern.NameAbbreviator$PatternAbbreviator,innerclass,2,2,0,2,7,2,0,4,0,0.0,1.0,1.0,2,0,2,0,0,0,2,0,0,0,1,0,0,1,0,0,1,0,0,20,0,2,1,0,5,1,5,6,2,4,1,0,0,0,34,10,0
C:\Users\jotaa\OneDrive\햞ea de Trabalho\repositorios\logging-log4j2\log4j-1.2-api\src\test\java\org\apache\log4j\config\AsyncAppenderTest.java,org.apache.log4j.config.AsyncAppenderTest,class,11,11,0,11,2,1,0,17,1,0.5,0.0,0.0,2,1,0,0,0,2,2,0,0,0,1,1,0,1,0,0,0,0,3,21,2,0,0,1,0,5,3,7,0,8,1,0,0,2,41,0,1
C:\Users\jotaa\OneDrive\햞ea de Trabalho\repositorios\logging-log4j2\log4j-1.2-api\src\test\java\org\apache\log4j\LevelTest.java,org.apache.log4j.LevelTest,class,10,10,0,10,25,3,0,20,276,0.0,0.0,0.0,24,0,0,0,0,24,24,0,0,0,0,0,0,0,0,0,0,0,17,109,0,0,0,0,0,21,5,17,0,17,1,0,1,0,85,0,0
C:\Users\jotaa\OneDrive\햞ea de Trabalho\repositorios\logging-log4j2\log4j-1.2-api\src\main\java\org\apache\log4j\spi\ErrorCode.java,org.apache.log4j.spi.ErrorCode,interface,0,0,0,0,0,1,0,0,0,NaN,-1.0,-1.0,0,0,0,0,0,0,0,0,0,0,7,0,7,0,0,0,7,0,0,9,0,0,0,0,0,0,7,7,0,7,0,0,0,0,27,1,0
C:\Users\jotaa\OneDrive\햞ea de Trabalho\repositorios\logging-log4j2\log4j-1.2-api\src\main\java\org\apache\log4j\helpers\AppenderAttachableImpl.java,org.apache.log4j.helpers.AppenderAttachableImpl,class,3,4,1,3,17,1,0,13,0,0.5,1.0,1.0,9,0,9,0,0,0,9,0,0,0,2,0,0,1,1,0,1,0,2,45,4,2,6,0,0,0,0,2,0,3,2,0,0,0,43,1,0
C:\Users\jotaa\OneDrive\햞ea de Trabalho\repositorios\logging-log4j2\log4j-1.2-api\src\main\java\org\apache\log4j\xml\XmlConfiguration.java,org.apache.log4j.xml.XmlConfiguration$SAXErrorHandler,innerclass,5,5,0,5,4,1,0,7,6,0.75,0.0,0.0,4,1,3,1,0,0,3,0,0,0,1,1,0,1,0,0,1,0,3,16,0,0,0,0,0,4,0,1,0,1,0,0,0,0,21,10,2
C:\Users\jotaa\OneDrive\햞ea de Trabalho\repositorios\logging-log4j2\log4j-1.2-api\src\test\java\org\apache\log4j\CustomWriterAppender.java,org.apache.log4j.CustomWriterAppender,class,6,6,0,6,12,3,0,0,1,0.0,0.0,0.0,2,0,2,0,0,0,2,0,0,0,0,0,0,0,0,0,0,0,0,36,0,0,0,0,0,2,0,10,0,10,1,0,0,0,41,1,0
C:\Users\jotaa\OneDrive\햞ea de Trabalho\repositorios\logging-log4j2\log4j-1.2-api\src\main\java\org\apache\log4j\config\Log4j1ConfigurationConverter.java,org.apache.log4j.config.Log4j1ConfigurationConverter$CommandLineArguments,innerclass,4,4,0,4,13,2,0,3,40,0.76666665,0.1969697,0.56060606,12,0,12,0,0,0,12,0,0,0,5,0,0,5,0,0,0,0,0,47,7,0,0,0,0,21,0,5,1,5,1,0,0,0,39,9,0
C:\Users\jotaa\OneDrive\햞ea de Trabalho\repositorios\logging-log4j2\log4j-1.2-api\src\main\java\org\apache\log4j\xml\UnrecognizedElementHandler.java,org.apache.log4j.xml.UnrecognizedElementHandler,interface,1,2,1,1,1,1,0,0,0,0.0,NaN,NaN,1,0,0,0,0,1,1,0,0,0,0,0,0,0,0,0,0,0,0,3,0,0,0,0,0,0,0,0,0,0,0,0,0,0,44,1,0
C:\Users\jotaa\OneDrive\햞ea de Trabalho\repositorios\logging-log4j2\log4j-1.2-api\src\test\java\org\apache\log4j\pattern\Log4j1NdcPatternConverterTest.java,org.apache.log4j.pattern.Log4j1NdcPatternConverterTest,class,6,7,1,6,5,1,0,11,10,0.0,0.0,0.0,5,0,0,1,0,4,4,0,0,0,0,0,0,0,0,0,0,0,1,27,0,0,0,0,0,12,0,3,0,3,0,0,0,0,24,0,0
C:\Users\jotaa\OneDrive\햞ea de Trabalho\repositorios\logging-log4j2\log4j-1.2-api\src\main\java\org\apache\log4j\layout\Log4j1SyslogLayout.java,org.apache.log4j.layout.Log4j1SyslogLayout$Builder,innerclass,10,10,0,10,13,1,0,5,3,0.6,0.26666668,0.8,10,0,10,0,0,0,10,0,0,0,4,0,0,4,0,0,0,0,0,47,11,0,1,0,1,2,0,5,0,4,1,0,0,0,48,9,1
C:\Users\jotaa\OneDrive\햞ea de Trabalho\repositorios\logging-log4j2\log4j-1.2-api\src\main\java\org\apache\log4j\DefaultThrowableRenderer.java,org.apache.log4j.DefaultThrowableRenderer,class,3,4,1,3,7,1,0,11,3,0.0,0.0,0.0,3,1,3,0,0,0,3,0,0,0,0,0,0,0,0,0,0,0,2,35,2,1,1,2,0,2,0,7,0,6,2,0,0,0,43,17,0
C:\Users\jotaa\OneDrive\햞ea de Trabalho\repositorios\logging-log4j2\log4j-1.2-api\src\main\java\org\apache\log4j\BasicConfigurator.java,org.apache.log4j.BasicConfigurator,class,2,3,1,2,4,1,0,5,6,0.0,0.0,0.0,4,3,3,0,1,0,4,0,0,0,0,0,0,0,0,0,0,0,3,13,0,0,0,0,0,0,3,0,0,0,0,0,0,0,45,1,0
C:\Users\jotaa\OneDrive\햞ea de Trabalho\repositorios\logging-log4j2\log4j-1.2-api\src\main\java\org\apache\log4j\helpers\AbsoluteTimeDateFormat.java,org.apache.log4j.helpers.AbsoluteTimeDateFormat,class,1,5,4,1,11,3,2,11,6,0.9166667,0.0,0.0,4,0,4,0,0,0,4,0,0,0,6,6,3,3,0,0,4,0,2,56,2,0,2,0,2,3,11,12,3,12,2,0,0,0,68,1,0
C:\Users\jotaa\OneDrive\햞ea de Trabalho\repositorios\logging-log4j2\log4j-1.2-api\src\test\java\org\apache\log4j\LogManagerTest.java,org.apache.log4j.LogManagerTest,class,4,5,1,4,2,1,0,11,1,0.5,0.0,0.0,2,0,0,0,0,2,2,0,0,0,1,1,0,1,0,0,1,0,6,15,1,0,0,0,0,4,0,2,4,2,0,0,0,0,23,0,0
C:\Users\jotaa\OneDrive\햞ea de Trabalho\repositorios\logging-log4j2\log4j-1.2-api\src\main\java\org\apache\log4j\varia\LevelRangeFilter.java,org.apache.log4j.varia.LevelRangeFilter,class,4,4,0,4,12,2,0,3,3,0.5714286,0.42857143,1.0,7,0,7,0,0,0,7,0,0,0,3,0,0,0,0,3,0,0,0,39,7,0,2,0,0,0,0,3,0,3,2,0,0,0,99,1,0
C:\Users\jotaa\OneDrive\햞ea de Trabalho\repositorios\logging-log4j2\log4j-1.2-api\src\main\java\org\apache\log4j\Logger.java,org.apache.log4j.Logger,class,5,55,50,5,9,2,4,9,34,0.7777778,0.027777778,0.027777778,9,4,7,0,1,1,9,0,0,0,1,1,0,1,0,0,1,0,4,30,5,0,0,0,0,1,3,1,0,1,0,0,0,0,29,1,0
C:\Users\jotaa\OneDrive\햞ea de Trabalho\repositorios\logging-log4j2\log4j-1.2-api\src\main\java\org\apache\log4j\builders\appender\ConsoleAppenderBuilder.java,org.apache.log4j.builders.appender.ConsoleAppenderBuilder,class,16,17,1,16,16,2,0,37,6,0.64,0.16666667,0.16666667,5,0,4,1,0,0,4,0,0,0,5,5,0,5,0,0,5,0,3,81,3,0,1,0,0,7,0,22,1,23,5,0,0,1,71,1,2
C:\Users\jotaa\OneDrive\햞ea de Trabalho\repositorios\logging-log4j2\log4j-1.2-api\src\main\java\org\apache\log4j\jmx\HierarchyDynamicMBean.java,org.apache.log4j.jmx.HierarchyDynamicMBean,class,11,13,2,11,30,2,0,37,27,0.78666675,0.3846154,0.85714287,15,0,12,1,1,1,14,0,0,0,10,3,0,8,0,2,10,0,4,140,9,0,5,2,1,53,13,30,21,25,2,0,0,0,109,1,10
C:\Users\jotaa\OneDrive\햞ea de Trabalho\repositorios\logging-log4j2\log4j-1.2-api\src\test\java\org\apache\log4j\LogWithMDCTest.java,org.apache.log4j.LogWithMDCTest,class,7,7,0,7,1,1,0,11,0,0.0,NaN,NaN,1,0,0,0,0,1,1,0,0,0,0,0,0,0,0,0,0,0,5,20,0,0,0,1,0,15,3,2,0,2,1,0,0,0,24,0,1
C:\Users\jotaa\OneDrive\햞ea de Trabalho\repositorios\logging-log4j2\log4j-1.2-api\src\main\java\org\apache\log4j\helpers\LogLog.java,org.apache.log4j.helpers.LogLog,class,2,15,13,2,19,1,0,6,0,0.6,0.6388889,0.7777778,8,8,8,0,0,0,9,0,0,0,5,5,2,2,1,0,3,0,3,52,0,0,2,0,0,2,0,10,0,6,1,0,0,0,111,1,6
C:\Users\jotaa\OneDrive\햞ea de Trabalho\repositorios\logging-log4j2\log4j-1.2-api\src\main\java\org\apache\log4j\PropertyConfigurator.java,org.apache.log4j.PropertyConfigurator$PropertyWatchdog,innerclass,3,3,0,3,2,3,0,2,0,0.0,1.0,1.0,2,0,1,0,0,1,2,0,0,0,1,0,0,1,0,0,1,0,1,10,0,0,0,0,0,0,0,1,0,1,0,0,0,0,18,8,0
C:\Users\jotaa\OneDrive\햞ea de Trabalho\repositorios\logging-log4j2\log4j-1.2-api\src\test\java\org\apache\log4j\config\AbstractLog4j1ConfigurationConverterTest.java,org.apache.log4j.config.AbstractLog4j1ConfigurationConverterTest,class,4,7,3,4,6,1,2,17,10,0.0,0.0,0.0,5,1,2,2,1,0,3,0,0,0,0,0,0,0,0,0,0,0,7,37,1,1,0,1,0,3,0,3,0,3,1,1,0,0,29,1025,0
C:\Users\jotaa\OneDrive\햞ea de Trabalho\repositorios\logging-log4j2\log4j-1.2-api\src\test\java\org\apache\log4j\config\XmlConfigurationTest.java,org.apache.log4j.config.XmlConfigurationTest,class,19,19,0,19,26,2,0,44,171,0.94736844,0.0,0.0,19,0,15,0,0,4,19,0,0,0,1,1,0,1,0,0,1,0,4,107,1,1,2,1,4,26,5,24,1,21,2,0,0,0,94,0,2
C:\Users\jotaa\OneDrive\햞ea de Trabalho\repositorios\logging-log4j2\log4j-1.2-api\src\main\java\org\apache\log4j\bridge\RewritePolicyWrapper.java,org.apache.log4j.bridge.RewritePolicyWrapper,class,6,8,2,6,4,1,0,2,0,0.0,1.0,1.0,3,0,3,0,0,0,3,0,0,0,1,0,0,1,0,0,1,0,0,13,2,0,0,0,1,0,0,2,0,2,0,0,0,0,16,1,0
C:\Users\jotaa\OneDrive\햞ea de Trabalho\repositorios\logging-log4j2\log4j-1.2-api\src\test\java\org\apache\log4j\config\SocketAppenderConfigurationTest.java,org.apache.log4j.config.SocketAppenderConfigurationTest,class,10,11,1,10,6,1,0,20,15,0.0,0.0,0.0,6,0,0,3,0,3,3,0,0,0,0,0,0,0,0,0,0,0,2,35,2,0,0,0,0,9,2,8,2,8,0,0,0,1,46,0,0
C:\Users\jotaa\OneDrive\햞ea de Trabalho\repositorios\logging-log4j2\log4j-1.2-api\src\test\java\org\apache\log4j\LogWithRouteTest.java,org.apache.log4j.LogWithRouteTest,class,7,7,0,7,1,1,0,11,0,0.0,NaN,NaN,1,0,0,0,0,1,1,0,0,0,0,0,0,0,0,0,0,0,5,20,0,0,0,1,0,15,3,2,0,2,1,0,0,0,29,0,1
C:\Users\jotaa\OneDrive\햞ea de Trabalho\repositorios\logging-log4j2\log4j-1.2-api\src\main\java\org\apache\log4j\or\ThreadGroupRenderer.java,org.apache.log4j.or.ThreadGroupRenderer,class,1,1,0,1,4,1,0,13,0,0.0,NaN,NaN,1,0,1,0,0,0,1,0,0,0,0,0,0,0,0,0,0,0,0,32,3,1,0,1,0,7,0,3,0,3,2,0,0,0,15,1,0
C:\Users\jotaa\OneDrive\햞ea de Trabalho\repositorios\logging-log4j2\log4j-1.2-api\src\main\java\org\apache\log4j\spi\RepositorySelector.java,org.apache.log4j.spi.RepositorySelector,interface,1,3,2,1,1,1,0,0,0,0.0,NaN,NaN,1,0,0,0,0,1,1,0,0,0,0,0,0,0,0,0,0,0,0,3,0,0,0,0,0,0,0,0,0,0,0,0,0,0,46,1,0
C:\Users\jotaa\OneDrive\햞ea de Trabalho\repositorios\logging-log4j2\log4j-1.2-api\src\test\java\org\apache\log4j\PropertyConfiguratorTest.java,org.apache.log4j.PropertyConfiguratorTest,class,18,19,1,18,9,4,0,37,32,0.84444445,0.055555556,0.055555556,9,0,0,0,0,9,9,0,0,0,5,5,0,5,0,0,5,0,18,218,0,0,0,5,0,33,0,30,8,30,1,0,6,0,100,0,0
C:\Users\jotaa\OneDrive\햞ea de Trabalho\repositorios\logging-log4j2\log4j-1.2-api\src\main\java\org\apache\log4j\pattern\NameAbbreviator.java,org.apache.log4j.pattern.NameAbbreviator$PatternAbbreviatorFragment,innerclass,0,0,0,0,5,1,0,4,0,0.0,1.0,1.0,2,0,2,0,0,0,2,0,0,0,2,0,0,2,0,0,2,0,0,23,1,0,2,0,1,1,1,4,3,3,3,0,0,0,40,10,0
C:\Users\jotaa\OneDrive\햞ea de Trabalho\repositorios\logging-log4j2\log4j-1.2-api\src\test\java\org\apache\log4j\bridge\LogEventWrapperTest.java,org.apache.log4j.bridge.LogEventWrapperTest,class,4,4,0,4,2,1,0,9,1,0.0,0.0,0.0,2,0,0,0,0,2,2,0,0,0,0,0,0,0,0,0,0,0,1,19,0,0,0,0,0,0,0,5,0,5,0,1,0,0,18,0,0
C:\Users\jotaa\OneDrive\햞ea de Trabalho\repositorios\logging-log4j2\log4j-1.2-api\src\main\java\org\apache\log4j\builders\layout\XmlLayoutBuilder.java,org.apache.log4j.builders.layout.XmlLayoutBuilder,class,9,10,1,9,7,2,0,11,8,0.6,0.16666667,0.16666667,5,0,4,1,0,0,4,0,0,0,2,2,0,2,0,0,2,0,2,31,3,0,0,0,0,5,0,6,0,7,2,0,0,1,42,1,0
C:\Users\jotaa\OneDrive\햞ea de Trabalho\repositorios\logging-log4j2\log4j-1.2-api\src\main\java\org\apache\log4j\config\PropertiesConfiguration.java,org.apache.log4j.config.PropertiesConfiguration,class,24,54,30,24,75,3,0,85,176,0.93666655,0.054545455,0.054545455,20,1,11,9,0,0,11,0,0,0,15,13,2,13,0,0,14,0,26,325,25,6,32,3,2,53,5,89,13,75,4,0,1,3,321,1,18
C:\Users\jotaa\OneDrive\햞ea de Trabalho\repositorios\logging-log4j2\log4j-1.2-api\src\test\java\org\apache\log4j\xml\DOMTestCase.java,org.apache.log4j.xml.DOMTestCase,class,18,19,1,18,9,1,0,47,24,0.75,0.035714287,0.035714287,8,0,0,0,0,8,8,0,0,0,2,0,0,0,0,2,0,0,20,73,0,1,0,1,1,24,3,23,1,24,2,0,0,1,106,0,0
C:\Users\jotaa\OneDrive\햞ea de Trabalho\repositorios\logging-log4j2\log4j-1.2-api\src\main\java\org\apache\log4j\VectorAppender.java,org.apache.log4j.VectorAppender,class,2,4,2,2,9,2,0,2,15,0.5714286,0.14285715,0.14285715,7,0,7,0,0,0,7,0,0,1,1,0,1,0,0,0,0,0,1,31,4,0,0,1,0,0,1,2,0,1,1,0,0,0,32,1,0
C:\Users\jotaa\OneDrive\햞ea de Trabalho\repositorios\logging-log4j2\log4j-1.2-api\src\main\java\org\apache\log4j\AppenderSkeleton.java,org.apache.log4j.AppenderSkeleton$NoOpErrorHandler,innerclass,4,4,0,4,6,1,0,0,15,0.0,0.0,0.0,6,0,6,0,0,0,6,0,0,0,0,0,0,0,0,0,0,0,0,14,0,0,0,0,0,0,0,0,0,0,0,0,0,0,17,9,0
C:\Users\jotaa\OneDrive\햞ea de Trabalho\repositorios\logging-log4j2\log4j-1.2-api\src\main\java\org\apache\log4j\or\DefaultRenderer.java,org.apache.log4j.or.DefaultRenderer,class,1,2,1,1,3,1,0,2,1,0.0,0.0,0.0,2,0,1,0,0,1,2,0,0,0,0,0,0,0,0,0,0,0,0,12,2,0,0,1,0,0,0,0,0,0,1,0,0,0,22,0,0
C:\Users\jotaa\OneDrive\햞ea de Trabalho\repositorios\logging-log4j2\log4j-1.2-api\src\main\java\org\apache\log4j\xml\Log4jEntityResolver.java,org.apache.log4j.xml.Log4jEntityResolver,class,3,4,1,3,4,1,0,7,0,0.0,NaN,NaN,1,0,1,0,0,0,1,0,0,0,2,2,0,2,0,0,2,0,0,16,2,0,1,0,0,4,0,5,0,4,2,0,0,0,55,1,1
C:\Users\jotaa\OneDrive\햞ea de Trabalho\repositorios\logging-log4j2\log4j-1.2-api\src\main\java\org\apache\log4j\config\PropertiesConfigurationFactory.java,org.apache.log4j.config.PropertiesConfigurationFactory,class,7,10,3,7,6,2,0,3,10,0.8,0.0,0.0,5,0,1,0,4,0,5,0,0,0,3,3,0,0,2,1,3,0,0,24,6,0,0,0,0,4,2,4,0,4,1,0,0,0,46,1,0
C:\Users\jotaa\OneDrive\햞ea de Trabalho\repositorios\logging-log4j2\log4j-1.2-api\src\test\java\org\apache\log4j\config\PropertiesConfigurationTest.java,org.apache.log4j.config.PropertiesConfigurationTest,class,28,30,2,28,36,2,0,71,378,0.96428573,0.0,0.0,28,0,17,0,0,11,28,0,0,0,2,2,0,2,0,0,2,0,13,217,1,1,2,10,5,45,11,60,2,57,3,0,0,0,127,0,7
C:\Users\jotaa\OneDrive\햞ea de Trabalho\repositorios\logging-log4j2\log4j-1.2-api\src\test\java\org\apache\log4j\config\AbstractLog4j1ConfigurationConverterTest.java,org.apache.log4j.config.AbstractLog4j1ConfigurationConverterTest$Anonymous1,anonymous,0,0,0,0,1,1,0,2,0,0.0,NaN,NaN,1,0,1,0,0,0,1,0,0,0,0,0,0,0,0,0,0,0,0,6,1,0,0,0,0,0,0,0,0,0,0,0,0,0,8,-1,0
C:\Users\jotaa\OneDrive\햞ea de Trabalho\repositorios\logging-log4j2\log4j-1.2-api\src\test\java\org\apache\log4j\LoggingTest.java,org.apache.log4j.LoggingTest,class,4,4,0,4,1,1,0,5,0,0.0,NaN,NaN,1,0,0,0,0,1,1,0,0,0,0,0,0,0,0,0,0,0,1,8,0,0,0,0,0,5,0,2,0,2,0,0,0,0,12,0,0
C:\Users\jotaa\OneDrive\햞ea de Trabalho\repositorios\logging-log4j2\log4j-1.2-api\src\main\java\org\apache\log4j\varia\NullAppender.java,org.apache.log4j.varia.NullAppender,class,3,5,2,3,8,2,0,0,26,0.75,0.035714287,0.035714287,8,1,7,0,1,0,8,0,0,0,1,1,0,1,0,0,1,0,0,22,3,0,0,0,0,0,0,1,0,1,0,0,0,0,55,1,0
C:\Users\jotaa\OneDrive\햞ea de Trabalho\repositorios\logging-log4j2\log4j-1.2-api\src\main\java\org\apache\log4j\builders\Parser.java,org.apache.log4j.builders.Parser,interface,5,10,5,5,2,1,0,0,1,0.0,0.0,0.0,2,0,0,0,0,2,2,0,0,0,0,0,0,0,0,0,0,0,0,4,0,0,0,0,0,0,0,0,0,0,0,0,0,0,20,1,0
C:\Users\jotaa\OneDrive\햞ea de Trabalho\repositorios\logging-log4j2\log4j-1.2-api\src\main\java\org\apache\log4j\legacy\core\CategoryUtil.java,org.apache.log4j.legacy.core.CategoryUtil,class,12,14,2,12,23,1,0,23,136,0.0,0.0,0.0,17,16,10,7,0,0,10,0,0,0,0,0,0,0,0,0,0,0,24,60,12,0,0,0,0,0,0,1,0,3,1,0,0,3,105,17,0
C:\Users\jotaa\OneDrive\햞ea de Trabalho\repositorios\logging-log4j2\log4j-1.2-api\src\main\java\org\apache\log4j\spi\ThrowableRendererSupport.java,org.apache.log4j.spi.ThrowableRendererSupport,interface,1,3,2,1,2,1,0,0,1,0.0,0.0,0.0,2,0,0,0,0,2,2,0,0,0,0,0,0,0,0,0,0,0,0,4,0,0,0,0,0,0,0,0,0,0,0,0,0,0,20,1,0
C:\Users\jotaa\OneDrive\햞ea de Trabalho\repositorios\logging-log4j2\log4j-1.2-api\src\main\java\org\apache\log4j\PropertyConfigurator.java,org.apache.log4j.PropertyConfigurator,class,27,32,5,27,86,3,0,87,278,0.935,0.015151516,0.015151516,25,9,10,13,2,0,12,0,0,0,16,13,1,13,2,0,13,0,74,407,8,7,22,4,3,85,16,81,42,73,6,0,3,0,236,1,27
C:\Users\jotaa\OneDrive\햞ea de Trabalho\repositorios\logging-log4j2\log4j-1.2-api\src\main\java\org\apache\log4j\spi\ThrowableRenderer.java,org.apache.log4j.spi.ThrowableRenderer,interface,0,6,6,0,1,1,0,0,0,0.0,NaN,NaN,1,0,1,0,0,0,1,0,0,0,0,0,0,0,0,0,0,0,0,3,0,0,0,0,0,0,0,0,0,0,0,0,0,0,21,1,0
C:\Users\jotaa\OneDrive\햞ea de Trabalho\repositorios\logging-log4j2\log4j-1.2-api\src\main\java\org\apache\log4j\layout\Log4j1SyslogLayout.java,org.apache.log4j.layout.Log4j1SyslogLayout,class,9,12,3,9,10,2,0,21,0,0.32142857,0.33333334,0.33333334,4,1,3,1,0,0,3,0,0,0,7,2,0,7,0,0,7,0,0,101,3,0,3,0,0,13,2,11,1,11,2,0,1,0,102,17,0
C:\Users\jotaa\OneDrive\햞ea de Trabalho\repositorios\logging-log4j2\log4j-1.2-api\src\test\java\org\apache\log4j\PropertyConfiguratorTest.java,org.apache.log4j.PropertyConfiguratorTest$MockThrowableRenderer,innerclass,2,2,0,2,6,1,0,0,11,0.6666667,0.13333334,0.13333334,6,0,6,0,0,0,6,0,0,0,2,0,0,2,0,0,0,0,0,21,3,0,0,0,0,0,1,4,0,2,0,0,0,0,23,9,0
C:\Users\jotaa\OneDrive\햞ea de Trabalho\repositorios\logging-log4j2\log4j-1.2-api\src\main\java\org\apache\log4j\xml\DOMConfigurator.java,org.apache.log4j.xml.DOMConfigurator,class,15,18,3,15,25,1,0,24,120,0.0,0.0,0.0,16,10,13,3,0,0,13,0,0,0,0,0,0,0,0,0,0,0,18,107,3,0,0,5,0,5,0,11,1,11,3,0,0,0,118,1,1
C:\Users\jotaa\OneDrive\햞ea de Trabalho\repositorios\logging-log4j2\log4j-1.2-api\src\test\java\org\apache\log4j\helpers\DateLayoutTest.java,org.apache.log4j.helpers.DateLayoutTest$MockLayout,innerclass,2,2,0,2,4,3,0,2,6,0.0,0.0,0.0,4,0,4,0,0,0,4,0,0,0,0,0,0,0,0,0,0,0,0,15,2,0,0,0,0,1,0,0,0,0,0,0,0,0,22,26,0
C:\Users\jotaa\OneDrive\햞ea de Trabalho\repositorios\logging-log4j2\log4j-1.2-api\src\main\java\org\apache\log4j\Appender.java,org.apache.log4j.Appender,interface,4,47,43,4,12,1,0,0,66,0.0,0.0,0.0,12,0,0,0,0,12,12,0,0,0,0,0,0,0,0,0,0,0,0,14,0,0,0,0,0,0,0,0,0,0,0,0,0,0,125,1,0
C:\Users\jotaa\OneDrive\햞ea de Trabalho\repositorios\logging-log4j2\log4j-1.2-api\src\main\java\org\apache\log4j\builders\Builder.java,org.apache.log4j.builders.Builder,interface,0,4,4,0,0,1,0,0,0,0.0,-1.0,-1.0,0,0,0,0,0,0,0,0,0,0,0,0,0,0,0,0,0,0,0,2,0,0,0,0,0,0,0,0,0,0,0,0,0,0,8,1,0
C:\Users\jotaa\OneDrive\햞ea de Trabalho\repositorios\logging-log4j2\log4j-1.2-api\src\main\java\org\apache\log4j\PropertyConfigurator.java,org.apache.log4j.PropertyConfigurator$SortedKeyEnumeration,innerclass,0,0,0,0,6,1,0,8,0,0.0,1.0,1.0,3,0,3,0,0,0,3,0,0,0,1,0,0,1,0,0,1,0,0,24,2,2,0,0,0,0,3,7,0,7,3,0,0,0,19,0,0
C:\Users\jotaa\OneDrive\햞ea de Trabalho\repositorios\logging-log4j2\log4j-1.2-api\src\main\java\org\apache\log4j\spi\NOPLogger.java,org.apache.log4j.spi.NOPLogger,class,7,9,2,7,38,3,0,2,703,0.0,0.0,0.0,38,0,37,0,0,1,38,0,0,0,0,0,0,0,0,0,0,0,0,92,10,0,0,0,0,0,0,3,0,0,0,0,0,0,69,17,0
C:\Users\jotaa\OneDrive\햞ea de Trabalho\repositorios\logging-log4j2\log4j-1.2-api\src\test\java\org\apache\log4j\config\SyslogAppenderTest.java,org.apache.log4j.config.SyslogAppenderTest,class,6,7,1,6,7,1,0,15,0,0.0,1.0,1.0,4,3,0,0,1,3,4,0,0,0,1,1,0,1,0,0,0,0,6,29,0,1,1,0,0,3,4,5,0,4,2,0,0,0,33,0,1
C:\Users\jotaa\OneDrive\햞ea de Trabalho\repositorios\logging-log4j2\log4j-1.2-api\src\main\java\org\apache\log4j\helpers\CyclicBuffer.java,org.apache.log4j.helpers.CyclicBuffer,class,1,2,1,1,21,1,0,0,0,0.2857143,0.95238096,1.0,7,0,7,0,0,0,7,0,0,0,5,0,0,0,0,5,0,0,0,80,6,1,6,0,1,4,14,24,4,9,2,0,0,0,81,1,0
C:\Users\jotaa\OneDrive\햞ea de Trabalho\repositorios\logging-log4j2\log4j-1.2-api\src\main\java\org\apache\log4j\pattern\NameAbbreviator.java,org.apache.log4j.pattern.NameAbbreviator,class,6,12,6,6,20,5,8,6,1,0.33333334,0.33333334,0.33333334,3,2,3,0,0,0,3,1,0,0,1,1,0,1,0,0,1,0,1,148,6,2,6,0,7,1,11,14,1,9,4,0,5,0,72,1025,0
C:\Users\jotaa\OneDrive\햞ea de Trabalho\repositorios\logging-log4j2\log4j-1.2-api\src\main\java\org\apache\log4j\pattern\NameAbbreviator.java,org.apache.log4j.pattern.NameAbbreviator$DropElementAbbreviator,innerclass,1,1,0,1,4,2,0,2,0,0.0,1.0,1.0,2,0,2,0,0,0,2,0,0,0,1,0,0,1,0,0,1,0,0,15,0,1,2,0,0,2,4,4,2,3,2,0,0,0,28,10,0
C:\Users\jotaa\OneDrive\햞ea de Trabalho\repositorios\logging-log4j2\log4j-1.2-api\src\test\java\org\apache\log4j\CategoryTest.java,org.apache.log4j.CategoryTest,class,26,27,1,26,19,3,0,78,61,0.8,0.19607843,0.23529412,19,2,0,1,0,18,18,0,0,0,5,5,0,4,0,1,4,0,25,248,0,0,0,2,3,80,26,75,5,61,1,1,1,4,135,0,8
C:\Users\jotaa\OneDrive\햞ea de Trabalho\repositorios\logging-log4j2\log4j-1.2-api\src\main\java\org\apache\log4j\helpers\CountingQuietWriter.java,org.apache.log4j.helpers.CountingQuietWriter,class,2,3,1,2,5,4,0,3,0,0.25,0.5,0.5,4,0,4,0,0,0,4,0,0,0,1,0,0,0,1,0,0,0,0,21,1,0,0,1,0,1,0,2,0,1,1,0,0,0,21,1,1
C:\Users\jotaa\OneDrive\햞ea de Trabalho\repositorios\logging-log4j2\log4j-1.2-api\src\main\java\org\apache\log4j\spi\HierarchyEventListener.java,org.apache.log4j.spi.HierarchyEventListener,interface,2,7,5,2,2,1,0,0,1,0.0,0.0,0.0,2,0,0,0,0,2,2,0,0,0,0,0,0,0,0,0,0,0,0,4,0,0,0,0,0,0,0,0,0,0,0,0,0,0,14,1,0
C:\Users\jotaa\OneDrive\햞ea de Trabalho\repositorios\logging-log4j2\log4j-1.2-api\src\test\java\org\apache\log4j\spi\ThrowableInformationTest.java,org.apache.log4j.spi.ThrowableInformationTest$NastyThrowable,innerclass,0,0,0,0,2,2,0,1,1,1.0,0.0,0.0,2,0,2,0,0,0,2,0,0,0,1,1,0,1,0,0,1,0,0,9,0,0,0,0,0,2,1,1,0,1,0,0,0,0,27,26,0
C:\Users\jotaa\OneDrive\햞ea de Trabalho\repositorios\logging-log4j2\log4j-1.2-api\src\main\java\org\apache\log4j\config\Log4j1Configuration.java,org.apache.log4j.config.Log4j1Configuration,class,7,15,8,7,4,2,2,9,6,0.96428573,0.0,0.0,4,0,4,0,0,0,4,0,0,0,7,6,6,0,1,0,7,0,0,27,2,0,0,0,0,6,0,7,0,7,0,0,0,0,57,1,1
C:\Users\jotaa\OneDrive\햞ea de Trabalho\repositorios\logging-log4j2\log4j-1.2-api\src\test\java\org\apache\log4j\LayoutTest.java,org.apache.log4j.LayoutTest$MockLayout,innerclass,2,2,0,2,3,2,0,0,3,0.0,0.0,0.0,3,0,3,0,0,0,3,0,0,0,0,0,0,0,0,0,0,0,0,10,2,0,0,0,0,1,0,0,0,0,0,0,0,0,12,26,0
C:\Users\jotaa\OneDrive\햞ea de Trabalho\repositorios\logging-log4j2\log4j-1.2-api\src\test\java\org\apache\log4j\BasicConfiguratorTest.java,org.apache.log4j.BasicConfiguratorTest,class,4,4,0,4,5,1,0,4,10,0.0,0.0,0.0,5,0,0,0,0,5,5,0,0,0,0,0,0,0,0,0,0,0,6,17,0,0,0,0,0,0,0,0,0,0,0,0,0,0,11,0,0
C:\Users\jotaa\OneDrive\햞ea de Trabalho\repositorios\logging-log4j2\log4j-1.2-api\src\test\java\org\apache\log4j\LevelTest.java,org.apache.log4j.LevelTest$CustomLevel,innerclass,1,1,0,1,1,3,0,0,0,1.0,NaN,NaN,1,0,1,0,0,0,1,0,0,0,1,1,0,1,0,0,1,0,0,6,0,0,0,0,0,0,1,1,0,1,0,0,0,0,27,10,0
C:\Users\jotaa\OneDrive\햞ea de Trabalho\repositorios\logging-log4j2\log4j-1.2-api\src\main\java\org\apache\log4j\spi\LoggingEvent.java,org.apache.log4j.spi.LoggingEvent,class,6,69,63,6,24,1,1,2,256,0.7916667,0.02173913,0.02173913,24,1,24,0,0,0,24,0,0,0,1,0,1,0,0,0,1,0,3,73,18,0,0,0,0,0,1,4,0,1,0,0,0,0,152,1,0
C:\Users\jotaa\OneDrive\햞ea de Trabalho\repositorios\logging-log4j2\log4j-1.2-api\src\main\java\org\apache\log4j\RenderedMessage.java,org.apache.log4j.RenderedMessage,class,3,4,1,3,6,1,0,2,8,0.6666667,0.1,0.1,5,0,5,0,0,0,5,0,0,0,3,0,0,3,0,0,2,0,0,24,4,0,1,0,0,0,0,4,0,3,1,0,0,0,16,1,0
C:\Users\jotaa\OneDrive\햞ea de Trabalho\repositorios\logging-log4j2\log4j-1.2-api\src\main\java\org\apache\log4j\varia\ReloadingPropertyConfigurator.java,org.apache.log4j.varia.ReloadingPropertyConfigurator,class,3,3,0,3,3,1,0,0,3,1.0,0.0,0.0,3,0,3,0,0,0,3,0,0,0,1,0,0,0,0,1,0,0,0,9,0,0,0,0,0,0,0,1,0,1,0,0,0,0,14,1,0
C:\Users\jotaa\OneDrive\햞ea de Trabalho\repositorios\logging-log4j2\log4j-1.2-api\src\main\java\org\apache\log4j\bridge\LayoutWrapper.java,org.apache.log4j.bridge.LayoutWrapper,class,6,11,5,6,8,2,0,5,0,0.16666667,0.0,0.0,6,1,6,0,0,0,6,0,0,0,1,0,0,1,0,0,1,0,1,27,7,0,1,0,2,1,0,1,0,1,1,0,0,0,37,1,0
C:\Users\jotaa\OneDrive\햞ea de Trabalho\repositorios\logging-log4j2\log4j-1.2-api\src\main\java\org\apache\log4j\spi\ThrowableInformation.java,org.apache.log4j.spi.ThrowableInformation,class,1,7,6,1,12,1,0,5,0,0.64,0.53333336,0.6666667,5,0,5,0,0,0,6,0,0,1,5,2,0,4,0,1,2,0,1,44,3,0,4,2,0,3,1,10,0,8,3,0,0,0,50,1,0
C:\Users\jotaa\OneDrive\햞ea de Trabalho\repositorios\logging-log4j2\log4j-1.2-api\src\test\java\org\apache\log4j\config\SyslogAppenderConfigurationTest.java,org.apache.log4j.config.SyslogAppenderConfigurationTest,class,13,14,1,13,11,1,0,23,49,0.72727275,0.035714287,0.035714287,11,2,0,3,0,8,8,0,0,0,1,1,0,1,0,0,0,0,5,50,0,0,0,0,0,14,1,8,2,8,0,0,0,1,51,0,0
C:\Users\jotaa\OneDrive\햞ea de Trabalho\repositorios\logging-log4j2\log4j-1.2-api\src\main\java\org\apache\log4j\builders\filter\LevelRangeFilterBuilder.java,org.apache.log4j.builders.filter.LevelRangeFilterBuilder,class,13,16,3,13,12,2,0,18,8,0.6,0.16666667,0.16666667,5,0,4,1,0,0,4,0,0,0,3,3,0,3,0,0,3,0,4,50,3,0,2,0,0,6,0,14,0,13,3,0,0,1,65,1,0
C:\Users\jotaa\OneDrive\햞ea de Trabalho\repositorios\logging-log4j2\log4j-1.2-api\src\test\java\org\apache\log4j\CategoryTest.java,org.apache.log4j.CategoryTest$MockCategory,innerclass,4,4,0,4,2,3,0,2,1,0.0,0.0,0.0,2,0,2,0,0,0,2,0,0,0,0,0,0,0,0,0,0,0,0,9,0,0,0,0,0,0,0,1,0,1,0,0,0,0,22,10,0
C:\Users\jotaa\OneDrive\햞ea de Trabalho\repositorios\logging-log4j2\log4j-1.2-api\src\main\java\org\apache\log4j\Hierarchy.java,org.apache.log4j.Hierarchy$PrivateLogManager,innerclass,5,5,0,5,2,2,0,3,0,0.0,1.0,1.0,2,2,2,0,0,0,2,0,0,0,1,1,0,1,0,0,1,0,2,9,2,0,0,0,0,0,0,1,0,1,0,0,0,0,11,10,0
C:\Users\jotaa\OneDrive\햞ea de Trabalho\repositorios\logging-log4j2\log4j-1.2-api\src\main\java\org\apache\log4j\PatternLayout.java,org.apache.log4j.PatternLayout,class,5,7,2,5,11,2,0,6,10,0.78571427,0.32142857,0.53571427,8,0,7,0,1,0,8,0,0,0,7,2,2,3,2,0,4,0,0,45,4,1,2,0,1,2,3,12,0,8,1,0,0,0,106,1,0
C:\Users\jotaa\OneDrive\햞ea de Trabalho\repositorios\logging-log4j2\log4j-1.2-api\src\main\java\org\apache\log4j\spi\LoggerRepository.java,org.apache.log4j.spi.LoggerRepository,interface,6,20,14,6,15,1,0,0,105,0.0,0.0,0.0,15,0,0,0,0,15,15,0,0,0,0,0,0,0,0,0,0,0,0,17,0,0,0,0,0,2,0,0,0,0,0,0,0,0,105,1,0
C:\Users\jotaa\OneDrive\햞ea de Trabalho\repositorios\logging-log4j2\log4j-1.2-api\src\test\java\org\apache\log4j\spi\LocationInfoTest.java,org.apache.log4j.spi.LocationInfoTest$NameSubstringCaller,innerclass,2,2,0,2,1,1,0,1,0,0.0,NaN,NaN,1,1,1,0,0,0,1,0,0,0,0,0,0,0,0,0,0,0,1,5,1,0,0,0,0,0,0,0,0,0,0,0,0,0,20,10,0
C:\Users\jotaa\OneDrive\햞ea de Trabalho\repositorios\logging-log4j2\log4j-1.2-api\src\main\java\org\apache\log4j\pattern\NameAbbreviator.java,org.apache.log4j.pattern.NameAbbreviator$NOPAbbreviator,innerclass,1,1,0,1,2,2,0,0,1,0.0,0.0,0.0,2,0,2,0,0,0,2,0,0,0,0,0,0,0,0,0,0,0,0,6,0,0,0,0,0,0,0,0,0,0,0,0,0,0,15,10,0
